timestamp,temperature,humidity,pressure,eco2,tvoc
2026-04-19T05:58:22.194199+00:00,28.6,57.6,1009.6,848,443
2026-04-19T05:58:24.603586+00:00,28.6,57.7,1009.61,848,441
2026-04-19T05:58:27.259232+00:00,28.5,57.7,1009.6,846,434
2026-04-19T05:58:29.739037+00:00,28.6,57.4,1009.6,849,445
2026-04-19T05:58:32.306520+00:00,28.6,57.7,1009.6,846,436
2026-04-19T05:58:34.953334+00:00,28.6,57.7,1009.59,847,438
2026-04-19T05:58:37.472962+00:00,28.6,57.2,1009.59,844,427
2026-04-19T05:58:40.043448+00:00,28.6,57.2,1009.59,843,426
2026-04-19T05:58:42.637911+00:00,28.5,57.0,1009.6,842,423
2026-04-19T05:58:45.223599+00:00,28.6,57.0,1009.6,844,429
2026-04-19T05:58:47.721242+00:00,28.6,57.1,1009.6,852,456
2026-04-19T05:58:50.279110+00:00,28.5,57.1,1009.6,842,424
2026-04-19T05:58:52.851411+00:00,28.6,57.1,1009.6,847,439
2026-04-19T05:58:55.454625+00:00,28.5,57.2,1009.6,846,436
2026-04-19T05:58:57.963716+00:00,28.5,57.2,1009.6,844,430
2026-04-19T05:59:00.569942+00:00,28.6,57.0,1009.6,849,445
2026-04-19T05:59:03.169692+00:00,28.5,57.1,1009.59,853,458
2026-04-19T05:59:05.647905+00:00,28.5,57.1,1009.59,848,441
2026-04-19T05:59:08.288692+00:00,28.5,57.1,1009.59,845,433
2026-04-19T05:59:10.954412+00:00,28.5,57.2,1009.6,848,442
2026-04-19T05:59:13.408000+00:00,28.5,56.9,1009.6,850,447
2026-04-19T05:59:16.529094+00:00,28.5,56.9,1009.6,843,424
2026-04-19T05:59:18.529783+00:00,28.5,57.0,1009.61,844,430
2026-04-19T05:59:21.066265+00:00,28.5,57.0,1009.61,847,440
2026-04-19T05:59:23.653514+00:00,28.5,57.0,1009.61,852,456
2026-04-19T05:59:26.219315+00:00,28.5,57.1,1009.61,849,443
2026-04-19T05:59:28.811371+00:00,28.5,57.1,1009.61,851,452
2026-04-19T05:59:31.338276+00:00,28.5,57.4,1009.61,850,447
2026-04-19T05:59:33.893522+00:00,28.5,57.2,1009.61,841,419
2026-04-19T05:59:36.457668+00:00,28.5,57.1,1009.61,845,431
2026-04-19T05:59:39.092807+00:00,28.5,57.1,1009.61,850,447
2026-04-19T05:59:41.652998+00:00,28.5,57.2,1009.6,850,449
2026-04-19T05:59:44.126491+00:00,28.5,57.1,1009.61,848,442
2026-04-19T05:59:47.002065+00:00,28.5,57.2,1009.61,843,427
2026-04-19T05:59:49.347877+00:00,28.5,57.3,1009.6,850,449
2026-04-19T05:59:51.888104+00:00,28.5,57.4,1009.6,848,443
2026-04-19T05:59:54.629509+00:00,28.5,57.4,1009.6,845,432
2026-04-19T05:59:57.098904+00:00,28.5,57.5,1009.6,844,429
2026-04-19T05:59:59.796217+00:00,28.5,57.2,1009.59,858,472
2026-04-19T06:00:02.126655+00:00,28.4,57.0,1009.59,841,418
2026-04-19T06:00:04.717128+00:00,28.5,57.0,1009.59,848,441
2026-04-19T06:00:07.239257+00:00,28.5,57.0,1009.59,852,453
2026-04-19T06:00:09.834482+00:00,28.5,57.4,1009.59,850,449
2026-04-19T06:00:12.376629+00:00,28.4,57.1,1009.59,845,431
2026-04-19T06:00:15.368890+00:00,28.5,57.1,1009.59,850,447
2026-04-19T06:00:17.535130+00:00,28.4,57.1,1009.59,848,442
2026-04-19T06:00:20.049007+00:00,28.4,57.1,1009.6,841,420
2026-04-19T06:00:22.647703+00:00,28.4,57.0,1009.6,851,453
2026-04-19T06:00:25.182413+00:00,28.4,56.9,1009.6,842,422
2026-04-19T06:00:27.831047+00:00,28.4,57.3,1009.6,848,441
2026-04-19T06:00:30.328142+00:00,28.4,57.0,1009.6,845,433
2026-04-19T06:00:32.934369+00:00,28.4,57.3,1009.6,845,433
2026-04-19T06:00:35.504237+00:00,28.4,57.1,1009.6,847,438
2026-04-19T06:00:38.049949+00:00,28.4,57.0,1009.6,852,455
2026-04-19T06:00:40.608259+00:00,28.4,57.1,1009.6,846,434
2026-04-19T06:00:43.162829+00:00,28.4,57.2,1009.6,847,439
2026-04-19T06:00:45.703712+00:00,28.4,57.1,1009.59,844,429
2026-04-19T06:00:48.303405+00:00,28.4,57.2,1009.6,851,450
2026-04-19T06:00:50.854272+00:00,28.4,57.2,1009.59,846,436
2026-04-19T06:00:53.401299+00:00,28.4,57.3,1009.6,849,444
2026-04-19T06:00:55.956138+00:00,28.4,57.4,1009.6,851,452
2026-04-19T06:00:58.538448+00:00,28.4,57.4,1009.59,849,445
2026-04-19T06:01:01.094461+00:00,28.4,57.3,1009.6,855,464
2026-04-19T06:01:03.648182+00:00,28.3,57.4,1009.59,842,423
2026-04-19T06:01:06.208178+00:00,28.3,57.5,1009.6,851,452
2026-04-19T06:01:08.833236+00:00,28.4,57.3,1009.6,846,434
2026-04-19T06:01:11.500976+00:00,28.3,57.7,1009.59,850,448
2026-04-19T06:01:14.030087+00:00,28.4,57.8,1009.6,840,418
2026-04-19T06:01:16.557830+00:00,28.3,57.5,1009.59,848,440
2026-04-19T06:01:19.079721+00:00,28.3,57.6,1009.59,853,457
2026-04-19T06:01:21.648017+00:00,28.3,57.7,1009.59,855,464
2026-04-19T06:01:24.180468+00:00,28.3,57.7,1009.58,846,436
2026-04-19T06:01:26.762855+00:00,28.3,57.7,1009.58,854,459
2026-04-19T06:01:29.338334+00:00,28.3,57.6,1009.58,854,462
2026-04-19T06:01:31.881812+00:00,28.3,57.8,1009.58,846,436
2026-04-19T06:01:34.467656+00:00,28.3,57.5,1009.58,853,457
2026-04-19T06:01:37.111156+00:00,28.3,57.7,1009.58,851,451
2026-04-19T06:01:39.667696+00:00,28.3,57.4,1009.58,851,449
2026-04-19T06:01:42.125007+00:00,28.3,57.8,1009.58,852,455
2026-04-19T06:01:44.683851+00:00,28.3,57.5,1009.58,843,425
2026-04-19T06:01:47.330910+00:00,28.3,57.7,1009.57,845,431
2026-04-19T06:01:49.846768+00:00,28.3,57.7,1009.58,848,441
2026-04-19T06:01:52.464783+00:00,28.2,57.6,1009.58,849,444
2026-04-19T06:01:54.969814+00:00,28.3,57.6,1009.58,847,438
2026-04-19T06:01:57.812170+00:00,28.3,57.7,1009.58,851,453
2026-04-19T06:02:00.165614+00:00,28.3,57.6,1009.58,846,435
2026-04-19T06:02:02.689522+00:00,28.3,57.7,1009.58,851,452
2026-04-19T06:02:05.225606+00:00,28.3,57.9,1009.59,846,437
2026-04-19T06:02:07.815996+00:00,28.3,57.9,1009.58,843,425
2026-04-19T06:02:10.372103+00:00,28.3,57.6,1009.59,850,448
2026-04-19T06:02:12.926430+00:00,28.3,57.6,1009.59,842,422
2026-04-19T06:02:15.490342+00:00,28.3,57.7,1009.59,851,450
2026-04-19T06:02:18.132075+00:00,28.3,57.8,1009.59,848,441
2026-04-19T06:02:20.706697+00:00,28.3,57.7,1009.59,848,442
2026-04-19T06:02:23.204393+00:00,28.3,57.7,1009.6,850,449
2026-04-19T06:02:25.730691+00:00,28.3,57.8,1009.6,857,472
2026-04-19T06:02:28.331563+00:00,28.3,57.9,1009.59,854,460
2026-04-19T06:02:30.833843+00:00,28.3,57.7,1009.59,854,460
2026-04-19T06:02:33.722697+00:00,28.3,57.5,1009.59,855,464
2026-04-19T06:02:36.028236+00:00,28.3,57.7,1009.6,849,443
2026-04-19T06:02:38.757191+00:00,28.3,57.7,1009.6,850,447
2026-04-19T06:02:41.176989+00:00,28.3,57.7,1009.59,853,459
2026-04-19T06:02:43.744457+00:00,28.3,57.8,1009.59,854,461
2026-04-19T06:02:46.395722+00:00,28.2,57.7,1009.59,847,437
2026-04-19T06:02:48.856420+00:00,28.3,57.6,1009.58,848,442
2026-04-19T06:02:51.408270+00:00,28.2,57.8,1009.58,849,445
2026-04-19T06:02:53.977148+00:00,28.2,57.7,1009.57,848,442
2026-04-19T06:02:56.974680+00:00,28.2,57.5,1009.58,848,442
2026-04-19T06:02:59.062562+00:00,28.3,57.6,1009.57,848,443
2026-04-19T06:03:01.672890+00:00,28.2,57.8,1009.56,844,430
2026-04-19T06:03:04.218640+00:00,28.2,57.7,1009.56,850,448
2026-04-19T06:03:06.924541+00:00,28.2,57.8,1009.56,857,469
2026-04-19T06:03:09.376247+00:00,28.2,57.7,1009.56,852,456
2026-04-19T06:03:11.997947+00:00,28.3,57.8,1009.56,858,475
2026-04-19T06:03:14.503635+00:00,28.2,57.8,1009.56,846,434
2026-04-19T06:03:17.067543+00:00,28.2,57.8,1009.56,843,426
2026-04-19T06:03:19.591803+00:00,28.2,57.7,1009.56,850,448
2026-04-19T06:03:22.482433+00:00,28.2,57.7,1009.56,852,455
2026-04-19T06:03:24.785477+00:00,28.2,57.7,1009.57,838,411
2026-04-19T06:03:27.345840+00:00,28.2,57.9,1009.56,846,435
2026-04-19T06:03:29.905888+00:00,28.2,58.0,1009.56,844,429
2026-04-19T06:03:32.498247+00:00,28.2,57.7,1009.57,850,447
2026-04-19T06:03:35.032348+00:00,28.2,57.5,1009.57,851,451
2026-04-19T06:03:38.076830+00:00,28.2,57.8,1009.57,848,443
2026-04-19T06:03:40.153573+00:00,28.2,57.9,1009.57,846,435
2026-04-19T06:03:42.672901+00:00,28.2,58.0,1009.57,851,451
2026-04-19T06:03:45.270632+00:00,28.2,57.9,1009.57,850,448
2026-04-19T06:03:47.841766+00:00,28.2,57.9,1009.58,853,456
2026-04-19T06:03:50.385906+00:00,28.2,57.8,1009.58,850,448
2026-04-19T06:03:52.910538+00:00,28.2,57.7,1009.58,851,451
2026-04-19T06:03:55.548136+00:00,28.3,57.7,1009.57,849,443
2026-04-19T06:03:58.156360+00:00,28.3,57.4,1009.58,851,453
2026-04-19T06:04:00.705251+00:00,28.2,57.5,1009.58,853,458
2026-04-19T06:04:03.330785+00:00,28.2,57.7,1009.58,852,455
2026-04-19T06:04:05.832101+00:00,28.3,57.7,1009.59,854,461
2026-04-19T06:04:08.347890+00:00,28.2,57.7,1009.59,849,445
2026-04-19T06:04:10.914754+00:00,28.2,57.6,1009.59,847,439
2026-04-19T06:04:13.573056+00:00,28.2,57.5,1009.59,855,465
2026-04-19T06:04:16.603663+00:00,28.2,57.6,1009.58,851,451
2026-04-19T06:04:18.684725+00:00,28.2,57.3,1009.58,855,463
2026-04-19T06:04:21.251423+00:00,28.2,57.7,1009.58,851,452
2026-04-19T06:04:23.735687+00:00,28.2,57.8,1009.58,852,453
2026-04-19T06:04:26.317593+00:00,28.2,57.6,1009.58,861,483
2026-04-19T06:04:28.994989+00:00,28.2,57.9,1009.59,849,444
2026-04-19T06:04:31.436791+00:00,28.2,57.8,1009.59,846,434
2026-04-19T06:04:34.024330+00:00,28.2,57.7,1009.59,849,443
2026-04-19T06:04:36.592742+00:00,28.2,57.6,1009.59,852,455
2026-04-19T06:04:39.208705+00:00,28.2,57.8,1009.58,848,442
2026-04-19T06:04:41.814055+00:00,28.2,58.0,1009.59,850,448
2026-04-19T06:04:44.235495+00:00,28.2,57.9,1009.59,853,458
2026-04-19T06:04:47.088352+00:00,28.2,58.0,1009.58,853,458
2026-04-19T06:04:49.425755+00:00,28.2,58.0,1009.59,851,452
2026-04-19T06:04:51.943803+00:00,28.2,58.1,1009.58,849,444
2026-04-19T06:04:54.533749+00:00,28.2,58.1,1009.59,849,445
2026-04-19T06:04:57.072690+00:00,28.2,58.0,1009.59,851,452
2026-04-19T06:04:59.660206+00:00,28.2,57.7,1009.59,857,469
2026-04-19T06:05:02.347641+00:00,28.2,57.9,1009.59,847,440
2026-04-19T06:05:04.814113+00:00,28.1,57.7,1009.59,855,464
2026-04-19T06:05:07.326303+00:00,28.2,57.7,1009.59,845,431
2026-04-19T06:05:09.886627+00:00,28.2,57.7,1009.59,853,458
2026-04-19T06:05:12.468888+00:00,28.2,57.8,1009.59,845,433
2026-04-19T06:05:15.065570+00:00,28.2,57.7,1009.59,847,438
2026-04-19T06:05:17.681763+00:00,28.2,57.7,1009.59,848,440
2026-04-19T06:05:20.168195+00:00,28.2,57.7,1009.59,847,440
2026-04-19T06:05:22.817823+00:00,28.2,58.0,1009.59,844,428
2026-04-19T06:05:25.348788+00:00,28.2,57.9,1009.58,851,450
2026-04-19T06:05:27.847117+00:00,28.2,57.9,1009.59,850,447
2026-04-19T06:05:30.454809+00:00,28.2,58.1,1009.59,849,445
2026-04-19T06:05:33.003956+00:00,28.2,58.0,1009.58,854,459
2026-04-19T06:05:35.563726+00:00,28.2,58.0,1009.58,852,453
2026-04-19T06:05:38.141463+00:00,28.2,58.1,1009.58,849,445
2026-04-19T06:05:40.668198+00:00,28.2,58.0,1009.58,861,482
2026-04-19T06:05:43.240338+00:00,28.2,58.0,1009.58,856,468
2026-04-19T06:05:45.793358+00:00,28.2,58.0,1009.58,859,476
2026-04-19T06:05:48.436345+00:00,28.2,57.9,1009.58,849,444
2026-04-19T06:05:51.047031+00:00,28.3,57.8,1009.58,844,430
2026-04-19T06:05:53.583887+00:00,28.3,57.7,1009.58,852,454
2026-04-19T06:05:56.135634+00:00,28.3,57.9,1009.58,849,446
2026-04-19T06:05:58.762282+00:00,28.3,57.6,1009.57,849,444
2026-04-19T06:06:01.251581+00:00,28.3,57.8,1009.57,858,473
2026-04-19T06:06:03.811282+00:00,28.3,57.6,1009.57,856,468
2026-04-19T06:06:06.379516+00:00,28.3,57.7,1009.57,859,477
2026-04-19T06:06:08.941052+00:00,28.3,57.5,1009.58,853,457
2026-04-19T06:06:11.496243+00:00,28.3,57.6,1009.59,857,470
2026-04-19T06:06:14.123184+00:00,28.3,57.6,1009.59,857,470
2026-04-19T06:06:16.610961+00:00,28.3,57.8,1009.59,853,457
2026-04-19T06:06:19.134639+00:00,28.3,57.5,1009.58,852,454
2026-04-19T06:06:21.792745+00:00,28.3,57.8,1009.59,854,460
2026-04-19T06:06:24.290047+00:00,28.3,57.8,1009.59,859,478
2026-04-19T06:06:26.832262+00:00,28.3,57.9,1009.59,858,474
2026-04-19T06:06:29.550233+00:00,28.3,57.6,1009.59,855,464
2026-04-19T06:06:32.015659+00:00,28.3,57.9,1009.58,846,435
2026-04-19T06:06:34.601824+00:00,28.3,57.7,1009.59,849,444
2026-04-19T06:06:37.134525+00:00,28.3,57.7,1009.59,852,454
2026-04-19T06:06:39.671502+00:00,28.3,57.9,1009.58,854,462
2026-04-19T06:06:42.262927+00:00,28.3,57.8,1009.59,859,477
2026-04-19T06:06:44.881239+00:00,28.3,57.6,1009.59,853,458
2026-04-19T06:06:47.514373+00:00,28.3,57.8,1009.6,849,446
2026-04-19T06:06:50.076134+00:00,28.3,57.7,1009.6,847,438
2026-04-19T06:06:52.527550+00:00,28.3,57.7,1009.61,857,469
2026-04-19T06:06:55.079119+00:00,28.3,57.7,1009.61,860,482
2026-04-19T06:06:57.638405+00:00,28.3,57.7,1009.61,852,455
2026-04-19T06:07:00.211434+00:00,28.3,57.8,1009.61,850,448
2026-04-19T06:07:02.833539+00:00,28.3,57.7,1009.59,843,425
2026-04-19T06:07:05.344377+00:00,28.4,57.5,1009.59,856,466
2026-04-19T06:07:07.957412+00:00,28.3,57.4,1009.6,858,475
2026-04-19T06:07:10.465099+00:00,28.3,57.6,1009.59,846,434
2026-04-19T06:07:13.877672+00:00,28.3,57.6,1009.59,853,457
2026-04-19T06:07:15.920683+00:00,28.3,57.7,1009.6,855,463
2026-04-19T06:07:18.130963+00:00,28.3,57.8,1009.6,855,464
2026-04-19T06:07:20.776773+00:00,28.3,57.6,1009.61,853,458
2026-04-19T06:07:23.494046+00:00,28.3,57.6,1009.61,856,467
2026-04-19T06:07:26.022333+00:00,28.3,57.7,1009.6,848,440
2026-04-19T06:07:28.446476+00:00,28.4,57.5,1009.61,851,451
2026-04-19T06:07:31.241210+00:00,28.3,57.4,1009.61,851,451
2026-04-19T06:07:33.572524+00:00,28.4,57.5,1009.61,848,441
2026-04-19T06:07:36.106012+00:00,28.3,57.5,1009.61,850,449
2026-04-19T06:07:38.684328+00:00,28.4,57.5,1009.6,850,449
2026-04-19T06:07:41.245869+00:00,28.3,57.8,1009.6,851,450
2026-04-19T06:07:43.812500+00:00,28.3,57.4,1009.61,854,459
2026-04-19T06:07:46.903922+00:00,28.3,57.7,1009.6,852,455
2026-04-19T06:07:48.915452+00:00,28.3,57.6,1009.6,853,456
2026-04-19T06:07:51.574213+00:00,28.3,57.8,1009.6,848,443
2026-04-19T06:07:54.138799+00:00,28.4,57.7,1009.59,854,462
2026-04-19T06:07:56.627553+00:00,28.3,57.6,1009.59,859,478
2026-04-19T06:07:59.172708+00:00,28.4,57.8,1009.59,840,417
2026-04-19T06:08:01.800403+00:00,28.3,57.8,1009.59,853,458
2026-04-19T06:08:04.305969+00:00,28.4,57.8,1009.59,849,444
2026-04-19T06:08:06.899508+00:00,28.3,57.9,1009.6,856,466
2026-04-19T06:08:09.454548+00:00,28.3,57.6,1009.6,854,462
2026-04-19T06:08:12.045616+00:00,28.3,57.9,1009.6,858,473
2026-04-19T06:08:14.610769+00:00,28.4,57.9,1009.6,855,463
2026-04-19T06:08:17.165323+00:00,28.4,58.0,1009.6,857,471
2026-04-19T06:08:19.719912+00:00,28.4,58.0,1009.6,849,444
2026-04-19T06:08:22.299899+00:00,28.3,58.0,1009.6,853,457
2026-04-19T06:08:24.836561+00:00,28.4,57.9,1009.6,853,459
2026-04-19T06:08:27.395276+00:00,28.4,57.9,1009.6,851,450
2026-04-19T06:08:29.965121+00:00,28.4,57.7,1009.6,855,463
2026-04-19T06:08:32.612089+00:00,28.4,57.6,1009.6,852,456
2026-04-19T06:08:35.113340+00:00,28.4,57.6,1009.6,845,433
2026-04-19T06:08:37.757673+00:00,28.4,57.5,1009.6,854,462
2026-04-19T06:08:40.243922+00:00,28.4,57.6,1009.6,855,465
2026-04-19T06:08:42.842213+00:00,28.4,57.4,1009.6,847,440
2026-04-19T06:08:45.368543+00:00,28.4,57.5,1009.6,853,457
2026-04-19T06:08:48.009377+00:00,28.4,57.6,1009.6,854,461
2026-04-19T06:08:50.528827+00:00,28.4,57.6,1009.58,854,462
2026-04-19T06:08:53.085368+00:00,28.4,57.4,1009.59,849,444
2026-04-19T06:08:55.677700+00:00,28.4,57.5,1009.58,848,441
2026-04-19T06:08:58.209457+00:00,28.4,57.4,1009.59,849,445
2026-04-19T06:09:00.825800+00:00,28.4,57.4,1009.58,856,467
2026-04-19T06:09:03.331774+00:00,28.4,57.2,1009.6,854,460
2026-04-19T06:09:06.546191+00:00,28.4,57.2,1009.6,859,477
2026-04-19T06:09:08.523370+00:00,28.4,57.3,1009.61,852,454
2026-04-19T06:09:11.108995+00:00,28.4,57.4,1009.6,857,471
2026-04-19T06:09:13.652034+00:00,28.4,57.5,1009.59,854,461
2026-04-19T06:09:16.228828+00:00,28.4,57.7,1009.59,854,461
2026-04-19T06:09:18.739506+00:00,28.4,57.6,1009.6,859,476
2026-04-19T06:09:21.325291+00:00,28.4,57.4,1009.6,859,477
2026-04-19T06:09:23.861958+00:00,28.4,57.5,1009.6,853,458
2026-04-19T06:09:26.494108+00:00,28.4,57.5,1009.61,853,457
2026-04-19T06:09:28.985035+00:00,28.4,57.5,1009.61,854,460
2026-04-19T06:09:31.622114+00:00,28.4,57.6,1009.61,861,482
2026-04-19T06:09:34.146580+00:00,28.4,57.6,1009.61,857,469
2026-04-19T06:09:36.688968+00:00,28.4,57.5,1009.62,856,466
2026-04-19T06:09:39.294885+00:00,28.4,57.5,1009.6,858,472
2026-04-19T06:09:41.888903+00:00,28.4,57.5,1009.6,854,461
2026-04-19T06:09:44.361369+00:00,28.4,57.4,1009.61,851,451
2026-04-19T06:09:46.986057+00:00,28.4,57.2,1009.61,854,459
2026-04-19T06:09:49.474222+00:00,28.4,57.2,1009.6,847,440
2026-04-19T06:09:52.111112+00:00,28.4,57.3,1009.6,858,475
2026-04-19T06:09:54.626800+00:00,28.4,57.5,1009.6,853,456
2026-04-19T06:09:57.208937+00:00,28.4,57.4,1009.59,846,436
2026-04-19T06:09:59.780167+00:00,28.4,57.5,1009.59,853,458
2026-04-19T06:10:02.336031+00:00,28.4,57.3,1009.59,857,471
2026-04-19T06:10:04.894077+00:00,28.4,57.3,1009.6,853,459
2026-04-19T06:10:07.815596+00:00,28.4,57.4,1009.59,850,448
2026-04-19T06:10:10.003461+00:00,28.4,57.7,1009.59,852,453
2026-04-19T06:10:12.606749+00:00,28.4,57.3,1009.59,855,463
2026-04-19T06:10:15.165872+00:00,28.4,57.4,1009.59,852,455
2026-04-19T06:10:17.806609+00:00,28.4,57.5,1009.58,852,455
2026-04-19T06:10:20.287648+00:00,28.4,57.4,1009.59,860,479
2026-04-19T06:10:22.842971+00:00,28.4,57.5,1009.58,846,437
2026-04-19T06:10:25.511899+00:00,28.4,57.3,1009.58,856,466
2026-04-19T06:10:27.969965+00:00,28.4,57.3,1009.58,849,444
2026-04-19T06:10:30.672001+00:00,28.5,57.3,1009.58,855,465
2026-04-19T06:10:33.295268+00:00,28.5,57.6,1009.58,855,463
2026-04-19T06:10:35.710441+00:00,28.4,57.8,1009.57,856,467
2026-04-19T06:10:38.291889+00:00,28.5,57.4,1009.57,853,459
2026-04-19T06:10:40.866991+00:00,28.4,57.6,1009.56,857,471
2026-04-19T06:10:43.700428+00:00,28.4,57.4,1009.57,856,468
2026-04-19T06:10:46.033652+00:00,28.4,57.3,1009.56,851,451
2026-04-19T06:10:48.526945+00:00,28.4,57.4,1009.56,856,468
2026-04-19T06:10:51.089468+00:00,28.5,57.2,1009.56,851,451
2026-04-19T06:10:53.644025+00:00,28.5,57.1,1009.56,856,467
2026-04-19T06:10:56.211893+00:00,28.5,57.2,1009.54,851,453
2026-04-19T06:10:58.773119+00:00,28.4,57.3,1009.54,850,448
2026-04-19T06:11:01.315318+00:00,28.5,56.9,1009.55,853,458
2026-04-19T06:11:04.484817+00:00,28.5,57.4,1009.54,850,449
2026-04-19T06:11:06.739037+00:00,28.5,57.4,1009.54,857,471
2026-04-19T06:11:09.016166+00:00,28.5,57.5,1009.54,851,450
2026-04-19T06:11:11.560862+00:00,28.5,57.5,1009.55,857,469
2026-04-19T06:11:14.127305+00:00,28.5,57.5,1009.54,862,485
2026-04-19T06:11:16.767750+00:00,28.5,57.5,1009.54,852,454
2026-04-19T06:11:19.324205+00:00,28.5,57.4,1009.54,860,481
2026-04-19T06:11:21.947641+00:00,28.5,57.5,1009.54,858,473
2026-04-19T06:11:24.422371+00:00,28.5,57.4,1009.54,860,479
2026-04-19T06:11:26.995451+00:00,28.4,57.5,1009.53,860,478
2026-04-19T06:11:29.507509+00:00,28.4,57.2,1009.53,852,454
2026-04-19T06:11:32.175375+00:00,28.5,57.4,1009.54,847,438
2026-04-19T06:11:34.757749+00:00,28.4,57.4,1009.54,851,451
2026-04-19T06:11:37.275922+00:00,28.5,57.7,1009.53,854,461
2026-04-19T06:11:39.852499+00:00,28.4,57.8,1009.53,854,460
2026-04-19T06:11:42.378043+00:00,28.4,57.8,1009.53,857,469
2026-04-19T06:11:44.911013+00:00,28.4,57.8,1009.53,853,457
2026-04-19T06:11:47.469877+00:00,28.4,57.7,1009.54,853,458
2026-04-19T06:11:50.045357+00:00,28.4,57.8,1009.53,848,442
2026-04-19T06:11:52.631744+00:00,28.4,57.7,1009.52,858,472
2026-04-19T06:11:55.215921+00:00,28.4,57.7,1009.52,861,483
2026-04-19T06:11:57.804084+00:00,28.4,57.4,1009.53,855,463
2026-04-19T06:12:00.410863+00:00,28.4,57.6,1009.53,854,461
2026-04-19T06:12:03.802353+00:00,28.4,57.8,1009.53,853,458
2026-04-19T06:12:05.467328+00:00,28.4,57.7,1009.53,854,460
2026-04-19T06:12:08.044099+00:00,28.5,57.8,1009.52,851,451
2026-04-19T06:12:10.622773+00:00,28.5,57.8,1009.52,859,476
2026-04-19T06:12:13.175179+00:00,28.5,57.8,1009.52,855,463
2026-04-19T06:12:15.717087+00:00,28.5,57.6,1009.52,860,480
2026-04-19T06:12:18.360374+00:00,28.4,57.8,1009.52,859,477
2026-04-19T06:12:20.822323+00:00,28.4,57.6,1009.52,857,470
2026-04-19T06:12:23.382264+00:00,28.5,57.6,1009.52,855,463
2026-04-19T06:12:26.003654+00:00,28.5,57.5,1009.52,861,482
2026-04-19T06:12:28.753591+00:00,28.5,57.7,1009.52,852,455
2026-04-19T06:12:31.259745+00:00,28.5,57.6,1009.52,855,464
2026-04-19T06:12:33.723398+00:00,28.5,57.4,1009.52,851,451
2026-04-19T06:12:36.309357+00:00,28.5,57.4,1009.53,854,460
2026-04-19T06:12:38.849922+00:00,28.5,57.5,1009.54,848,440
2026-04-19T06:12:41.369765+00:00,28.5,57.4,1009.53,856,468
2026-04-19T06:12:44.164225+00:00,28.5,57.7,1009.54,860,480
2026-04-19T06:12:46.488624+00:00,28.5,58.0,1009.54,867,503
2026-04-19T06:12:49.086826+00:00,28.5,58.0,1009.53,864,494
2026-04-19T06:12:51.617330+00:00,28.5,57.8,1009.53,856,468
2026-04-19T06:12:54.169087+00:00,28.5,57.6,1009.52,857,471
2026-04-19T06:12:56.736529+00:00,28.5,57.8,1009.52,851,450
2026-04-19T06:12:59.734170+00:00,28.5,57.6,1009.52,856,467
2026-04-19T06:13:01.969311+00:00,28.5,57.5,1009.52,863,490
2026-04-19T06:13:04.444414+00:00,28.5,57.6,1009.52,863,490
2026-04-19T06:13:06.995986+00:00,28.5,57.4,1009.51,855,464
2026-04-19T06:13:09.570269+00:00,28.5,57.4,1009.51,858,473
2026-04-19T06:13:12.173927+00:00,28.5,57.5,1009.51,853,458
2026-04-19T06:13:14.746545+00:00,28.5,57.1,1009.51,862,486
2026-04-19T06:13:17.248339+00:00,28.5,57.2,1009.51,856,468
2026-04-19T06:13:19.833983+00:00,28.5,57.1,1009.51,857,469
2026-04-19T06:13:22.417020+00:00,28.5,57.2,1009.51,853,457
2026-04-19T06:13:24.954364+00:00,28.6,57.3,1009.51,849,446
2026-04-19T06:13:27.557464+00:00,28.5,57.1,1009.51,855,465
2026-04-19T06:13:30.082100+00:00,28.5,57.3,1009.51,853,458
2026-04-19T06:13:32.670017+00:00,28.5,57.1,1009.51,859,476
2026-04-19T06:13:35.234975+00:00,28.5,57.0,1009.51,851,452
2026-04-19T06:13:37.795644+00:00,28.5,57.1,1009.51,859,476
2026-04-19T06:13:40.359586+00:00,28.6,57.0,1009.51,854,460
2026-04-19T06:13:42.912264+00:00,28.5,57.2,1009.52,847,440
2026-04-19T06:13:45.540286+00:00,28.5,56.8,1009.51,864,494
2026-04-19T06:13:48.044287+00:00,28.6,57.0,1009.52,857,470
2026-04-19T06:13:50.625674+00:00,28.5,57.0,1009.52,859,475
2026-04-19T06:13:53.298838+00:00,28.5,56.9,1009.51,859,477
2026-04-19T06:13:55.879049+00:00,28.5,57.2,1009.51,858,473
2026-04-19T06:13:58.386919+00:00,28.5,57.0,1009.51,863,490
2026-04-19T06:14:00.950578+00:00,28.5,57.2,1009.5,853,458
2026-04-19T06:14:03.503348+00:00,28.6,57.2,1009.5,858,473
2026-04-19T06:14:06.597124+00:00,28.5,57.2,1009.51,852,454
2026-04-19T06:14:08.580328+00:00,28.5,57.1,1009.5,859,477
2026-04-19T06:14:11.183147+00:00,28.5,57.1,1009.5,854,459
2026-04-19T06:14:13.743052+00:00,28.5,57.2,1009.49,854,461
2026-04-19T06:14:16.358235+00:00,28.5,57.0,1009.5,856,468
2026-04-19T06:14:18.871301+00:00,28.5,57.2,1009.49,861,482
2026-04-19T06:14:21.423364+00:00,28.5,57.1,1009.49,854,460
2026-04-19T06:14:23.983097+00:00,28.5,57.2,1009.48,861,482
2026-04-19T06:14:26.507618+00:00,28.5,57.1,1009.48,858,472
2026-04-19T06:14:29.079214+00:00,28.5,57.1,1009.47,868,505
2026-04-19T06:14:31.725002+00:00,28.5,57.0,1009.48,860,480
2026-04-19T06:14:34.227108+00:00,28.5,57.2,1009.48,851,451
2026-04-19T06:14:36.960798+00:00,28.5,57.3,1009.49,854,460
2026-04-19T06:14:39.361011+00:00,28.5,57.2,1009.49,857,471
2026-04-19T06:14:42.037859+00:00,28.5,57.2,1009.49,859,477
2026-04-19T06:14:44.483579+00:00,28.4,57.2,1009.49,853,456
2026-04-19T06:14:47.072683+00:00,28.5,57.3,1009.49,857,471
2026-04-19T06:14:49.609094+00:00,28.5,57.2,1009.49,858,472
2026-04-19T06:14:52.291713+00:00,28.4,57.4,1009.48,853,457
2026-04-19T06:14:54.763519+00:00,28.4,57.3,1009.48,851,450
2026-04-19T06:14:57.314719+00:00,28.4,57.1,1009.47,853,458
2026-04-19T06:14:59.879181+00:00,28.4,57.3,1009.47,856,466
2026-04-19T06:15:02.440174+00:00,28.4,57.4,1009.47,854,462
2026-04-19T06:15:05.038612+00:00,28.4,57.0,1009.48,862,486
2026-04-19T06:15:07.690836+00:00,28.4,57.1,1009.49,852,454
2026-04-19T06:15:10.168409+00:00,28.4,57.1,1009.48,855,463
2026-04-19T06:15:12.753579+00:00,28.4,57.2,1009.48,856,468
2026-04-19T06:15:15.257624+00:00,28.4,57.5,1009.49,855,464
2026-04-19T06:15:17.878536+00:00,28.4,57.5,1009.49,855,463
2026-04-19T06:15:20.439323+00:00,28.4,57.6,1009.49,851,452
2026-04-19T06:15:22.990829+00:00,28.4,57.5,1009.49,858,473
2026-04-19T06:15:25.522754+00:00,28.4,57.5,1009.49,856,466
2026-04-19T06:15:28.148565+00:00,28.4,57.6,1009.49,858,475
2026-04-19T06:15:30.670882+00:00,28.3,57.6,1009.49,850,448
2026-04-19T06:15:33.297577+00:00,28.4,57.5,1009.5,858,474
2026-04-19T06:15:35.957191+00:00,28.4,57.4,1009.5,859,476
2026-04-19T06:15:38.388120+00:00,28.3,57.2,1009.49,866,499
2026-04-19T06:15:40.914820+00:00,28.4,57.5,1009.49,858,474
2026-04-19T06:15:43.536380+00:00,28.3,57.4,1009.49,858,473
2026-04-19T06:15:46.050777+00:00,28.4,57.4,1009.49,858,474
2026-04-19T06:15:48.663370+00:00,28.4,57.5,1009.49,863,490
2026-04-19T06:15:51.312043+00:00,28.3,57.3,1009.49,855,463
2026-04-19T06:15:53.757900+00:00,28.3,57.4,1009.48,861,484
2026-04-19T06:15:56.442921+00:00,28.4,57.2,1009.48,852,454
2026-04-19T06:15:58.920039+00:00,28.3,57.4,1009.48,859,477
2026-04-19T06:16:01.484643+00:00,28.4,57.4,1009.48,852,454
2026-04-19T06:16:04.029845+00:00,28.4,57.5,1009.48,850,447
2026-04-19T06:16:06.759501+00:00,28.3,57.6,1009.49,856,466
2026-04-19T06:16:09.181044+00:00,28.3,57.4,1009.49,864,494
2026-04-19T06:16:11.784596+00:00,28.3,57.5,1009.48,859,478
2026-04-19T06:16:14.280313+00:00,28.4,57.5,1009.48,856,467
2026-04-19T06:16:16.840276+00:00,28.3,57.5,1009.47,850,448
2026-04-19T06:16:19.413088+00:00,28.3,57.4,1009.47,861,483
2026-04-19T06:16:22.266864+00:00,28.3,57.5,1009.47,849,446
2026-04-19T06:16:24.525984+00:00,28.4,57.4,1009.46,854,460
2026-04-19T06:16:27.156958+00:00,28.3,57.5,1009.46,850,449
2026-04-19T06:16:29.681336+00:00,28.4,57.7,1009.47,859,478
2026-04-19T06:16:32.273262+00:00,28.4,57.6,1009.47,856,466
2026-04-19T06:16:34.750333+00:00,28.3,57.3,1009.47,857,471
2026-04-19T06:16:37.341258+00:00,28.4,57.5,1009.46,860,479
2026-04-19T06:16:39.901264+00:00,28.4,57.5,1009.47,854,461
2026-04-19T06:16:43.675184+00:00,28.4,57.6,1009.46,855,465
2026-04-19T06:16:45.045968+00:00,28.4,57.7,1009.47,861,484
2026-04-19T06:16:47.655359+00:00,28.3,57.5,1009.47,855,464
2026-04-19T06:16:50.181289+00:00,28.4,57.5,1009.47,862,488
2026-04-19T06:16:52.883925+00:00,28.4,57.6,1009.46,856,467
2026-04-19T06:16:55.324310+00:00,28.3,57.4,1009.46,857,471
2026-04-19T06:16:57.885015+00:00,28.4,57.5,1009.47,854,459
2026-04-19T06:17:00.585203+00:00,28.4,57.6,1009.47,855,463
2026-04-19T06:17:03.005520+00:00,28.3,57.5,1009.47,849,446
2026-04-19T06:17:05.566054+00:00,28.4,57.4,1009.46,858,475
2026-04-19T06:17:08.193563+00:00,28.4,57.4,1009.46,859,475
2026-04-19T06:17:10.717718+00:00,28.3,57.4,1009.45,854,460
2026-04-19T06:17:13.328262+00:00,28.3,57.4,1009.45,862,486
2026-04-19T06:17:15.894536+00:00,28.3,57.4,1009.46,856,467
2026-04-19T06:17:18.423988+00:00,28.4,57.4,1009.46,842,423
2026-04-19T06:17:20.976966+00:00,28.3,57.2,1009.45,854,460
2026-04-19T06:17:23.560188+00:00,28.4,57.4,1009.45,867,503
2026-04-19T06:17:26.180745+00:00,28.3,57.2,1009.46,852,456
2026-04-19T06:17:28.744485+00:00,28.3,57.2,1009.46,857,470
2026-04-19T06:17:31.299443+00:00,28.4,57.4,1009.46,862,488
2026-04-19T06:17:33.863823+00:00,28.3,57.3,1009.45,867,503
2026-04-19T06:17:36.344882+00:00,28.3,57.4,1009.46,850,449
2026-04-19T06:17:38.915976+00:00,28.3,57.4,1009.45,861,485
2026-04-19T06:17:41.537250+00:00,28.3,57.5,1009.46,859,476
2026-04-19T06:17:44.045360+00:00,28.3,57.4,1009.45,850,448
2026-04-19T06:17:46.618458+00:00,28.3,57.4,1009.46,855,465
2026-04-19T06:17:49.185045+00:00,28.3,57.4,1009.46,860,479
2026-04-19T06:17:51.744752+00:00,28.3,57.4,1009.45,857,469
2026-04-19T06:17:54.368212+00:00,28.3,57.4,1009.45,861,483
2026-04-19T06:17:56.921014+00:00,28.3,57.4,1009.44,856,468
2026-04-19T06:17:59.462630+00:00,28.3,57.5,1009.45,848,440
2026-04-19T06:18:02.037068+00:00,28.3,57.6,1009.44,859,477
2026-04-19T06:18:04.572708+00:00,28.3,57.5,1009.44,861,482
2026-04-19T06:18:07.213548+00:00,28.3,57.6,1009.44,859,475
2026-04-19T06:18:09.749723+00:00,28.3,57.6,1009.44,857,469
2026-04-19T06:18:12.289433+00:00,28.3,57.2,1009.45,861,484
2026-04-19T06:18:14.859116+00:00,28.3,57.4,1009.45,854,461
2026-04-19T06:18:17.438082+00:00,28.3,57.4,1009.45,853,457
2026-04-19T06:18:19.971686+00:00,28.3,57.4,1009.44,854,462
2026-04-19T06:18:22.629085+00:00,28.3,57.5,1009.45,855,464
2026-04-19T06:18:25.114109+00:00,28.3,57.3,1009.45,863,491
2026-04-19T06:18:27.636411+00:00,28.3,57.4,1009.45,855,464
2026-04-19T06:18:30.222276+00:00,28.2,57.4,1009.45,855,464
2026-04-19T06:18:32.770951+00:00,28.3,57.4,1009.45,864,493
2026-04-19T06:18:35.355500+00:00,28.3,57.5,1009.45,862,485
2026-04-19T06:18:37.929756+00:00,28.2,57.5,1009.44,853,458
2026-04-19T06:18:40.524056+00:00,28.3,57.6,1009.44,858,472
2026-04-19T06:18:43.264942+00:00,28.3,57.6,1009.43,854,462
2026-04-19T06:18:45.671603+00:00,28.2,57.6,1009.43,859,477
2026-04-19T06:18:48.241092+00:00,28.3,57.5,1009.43,856,466
2026-04-19T06:18:50.764619+00:00,28.2,57.5,1009.43,858,474
2026-04-19T06:18:53.364705+00:00,28.2,57.7,1009.42,861,483
2026-04-19T06:18:55.882849+00:00,28.3,57.4,1009.42,863,490
2026-04-19T06:18:58.639864+00:00,28.3,57.5,1009.41,861,482
2026-04-19T06:19:01.012027+00:00,28.2,57.5,1009.42,860,479
2026-04-19T06:19:03.869857+00:00,28.2,57.6,1009.42,851,450
2026-04-19T06:19:06.726899+00:00,28.2,57.5,1009.42,855,464
2026-04-19T06:19:08.697695+00:00,28.2,57.6,1009.41,852,454
2026-04-19T06:19:11.233131+00:00,28.3,57.8,1009.42,866,499
2026-04-19T06:19:14.041465+00:00,28.2,57.6,1009.42,858,474
2026-04-19T06:19:16.583455+00:00,28.2,57.7,1009.42,853,458
2026-04-19T06:19:19.002423+00:00,28.2,57.8,1009.42,850,449
2026-04-19T06:19:21.596187+00:00,28.2,57.8,1009.41,855,465
2026-04-19T06:19:24.160549+00:00,28.2,57.8,1009.42,858,475
2026-04-19T06:19:26.659949+00:00,28.2,57.8,1009.42,859,475
2026-04-19T06:19:29.508120+00:00,28.2,57.7,1009.42,857,471
2026-04-19T06:19:31.856900+00:00,28.2,57.9,1009.42,864,493
2026-04-19T06:19:34.328905+00:00,28.2,57.7,1009.42,850,446
2026-04-19T06:19:37.088622+00:00,28.2,57.5,1009.42,857,470
2026-04-19T06:19:39.538358+00:00,28.2,57.5,1009.42,854,460
2026-04-19T06:19:42.081308+00:00,28.2,57.4,1009.42,858,472
2026-04-19T06:19:44.863106+00:00,28.2,57.6,1009.43,852,455
2026-04-19T06:19:47.293028+00:00,28.2,57.6,1009.43,858,472
2026-04-19T06:19:49.748758+00:00,28.2,57.8,1009.43,859,476
2026-04-19T06:19:52.360629+00:00,28.2,57.7,1009.43,856,467
2026-04-19T06:19:54.907055+00:00,28.2,57.7,1009.42,857,471
2026-04-19T06:19:57.563273+00:00,28.1,57.7,1009.42,856,468
2026-04-19T06:20:00.426791+00:00,28.1,57.6,1009.42,865,496
2026-04-19T06:20:02.643637+00:00,28.2,57.9,1009.42,864,493
2026-04-19T06:20:05.121137+00:00,28.2,57.7,1009.43,859,477
2026-04-19T06:20:07.718377+00:00,28.2,57.9,1009.43,856,466
2026-04-19T06:20:10.261137+00:00,28.1,57.8,1009.43,859,476
2026-04-19T06:20:12.902515+00:00,28.2,58.0,1009.43,866,499
2026-04-19T06:20:15.406800+00:00,28.1,57.9,1009.43,859,478
2026-04-19T06:20:17.979314+00:00,28.1,58.1,1009.43,859,477
2026-04-19T06:20:20.530058+00:00,28.2,57.9,1009.43,869,509
2026-04-19T06:20:23.104724+00:00,28.2,58.1,1009.43,861,484
2026-04-19T06:20:25.704647+00:00,28.2,58.0,1009.44,864,493
2026-04-19T06:20:28.199478+00:00,28.1,58.0,1009.44,862,487
2026-04-19T06:20:30.770821+00:00,28.1,57.8,1009.44,861,482
2026-04-19T06:20:34.158034+00:00,28.2,57.8,1009.44,859,477
2026-04-19T06:20:35.917812+00:00,28.1,57.9,1009.43,859,477
2026-04-19T06:20:38.505648+00:00,28.2,58.0,1009.42,864,494
2026-04-19T06:20:41.081227+00:00,28.2,58.1,1009.43,864,493
2026-04-19T06:20:43.623718+00:00,28.2,58.2,1009.43,865,496
2026-04-19T06:20:46.202749+00:00,28.2,58.0,1009.43,860,479
2026-04-19T06:20:48.801011+00:00,28.2,58.0,1009.44,864,494
2026-04-19T06:20:51.321117+00:00,28.2,57.8,1009.44,854,459
2026-04-19T06:20:54.028279+00:00,28.2,57.9,1009.43,858,474
2026-04-19T06:20:56.622462+00:00,28.2,57.7,1009.44,863,490
2026-04-19T06:20:59.002645+00:00,28.2,57.6,1009.44,857,471
2026-04-19T06:21:01.671353+00:00,28.2,57.8,1009.44,856,468
2026-04-19T06:21:04.220009+00:00,28.2,57.6,1009.45,859,477
2026-04-19T06:21:06.685003+00:00,28.2,57.7,1009.44,866,498
2026-04-19T06:21:09.261279+00:00,28.2,57.8,1009.44,861,483
2026-04-19T06:21:11.809296+00:00,28.2,57.9,1009.45,864,493
2026-04-19T06:21:14.454264+00:00,28.2,57.7,1009.45,857,469
2026-04-19T06:21:17.044744+00:00,28.2,57.8,1009.45,863,488
2026-04-19T06:21:19.559698+00:00,28.2,57.7,1009.45,862,487
2026-04-19T06:21:22.119303+00:00,28.2,57.7,1009.46,853,459
2026-04-19T06:21:24.662308+00:00,28.2,57.6,1009.46,858,474
2026-04-19T06:21:27.231337+00:00,28.2,57.9,1009.47,864,492
2026-04-19T06:21:29.819697+00:00,28.2,57.5,1009.46,865,495
2026-04-19T06:21:32.361206+00:00,28.2,57.7,1009.46,855,464
2026-04-19T06:21:34.927016+00:00,28.2,57.7,1009.46,863,490
2026-04-19T06:21:37.504846+00:00,28.2,57.7,1009.47,860,480
2026-04-19T06:21:40.064352+00:00,28.2,57.8,1009.46,866,499
2026-04-19T06:21:42.699332+00:00,28.2,57.8,1009.46,853,459
2026-04-19T06:21:45.225311+00:00,28.2,57.5,1009.46,857,470
2026-04-19T06:21:47.737200+00:00,28.2,57.4,1009.47,855,464
2026-04-19T06:21:50.294148+00:00,28.2,57.4,1009.47,873,523
2026-04-19T06:21:52.907710+00:00,28.2,57.5,1009.47,863,491
2026-04-19T06:21:55.418270+00:00,28.2,57.8,1009.47,863,491
2026-04-19T06:21:58.039309+00:00,28.2,57.7,1009.47,861,484
2026-04-19T06:22:00.558906+00:00,28.2,57.8,1009.47,860,479
2026-04-19T06:22:03.181624+00:00,28.2,57.4,1009.47,856,467
2026-04-19T06:22:05.693897+00:00,28.2,57.6,1009.47,858,473
2026-04-19T06:22:08.342816+00:00,28.2,57.4,1009.47,866,500
2026-04-19T06:22:10.816935+00:00,28.2,57.5,1009.48,863,491
2026-04-19T06:22:13.435056+00:00,28.2,57.3,1009.48,849,444
2026-04-19T06:22:15.935022+00:00,28.2,57.7,1009.47,858,474
2026-04-19T06:22:18.530046+00:00,28.2,57.3,1009.48,855,463
2026-04-19T06:22:21.062419+00:00,28.2,57.4,1009.48,866,500
2026-04-19T06:22:23.661525+00:00,28.2,57.4,1009.48,861,483
2026-04-19T06:22:26.294974+00:00,28.2,57.7,1009.48,866,501
2026-04-19T06:22:28.780648+00:00,28.2,57.5,1009.48,866,499
2026-04-19T06:22:31.382664+00:00,28.2,57.6,1009.48,862,487
2026-04-19T06:22:33.947196+00:00,28.2,57.6,1009.48,849,445
2026-04-19T06:22:36.447898+00:00,28.2,57.9,1009.47,859,477
2026-04-19T06:22:39.062968+00:00,28.2,57.7,1009.49,864,492
2026-04-19T06:22:41.622744+00:00,28.2,57.8,1009.48,860,478
2026-04-19T06:22:44.181295+00:00,28.2,57.8,1009.49,865,495
2026-04-19T06:22:46.738409+00:00,28.2,57.9,1009.49,856,468
2026-04-19T06:22:49.350634+00:00,28.2,57.8,1009.49,868,505
2026-04-19T06:22:51.861481+00:00,28.2,58.1,1009.49,865,497
2026-04-19T06:22:54.516662+00:00,28.2,58.2,1009.49,867,501
2026-04-19T06:22:56.980227+00:00,28.2,58.0,1009.49,859,477
2026-04-19T06:22:59.580769+00:00,28.2,58.0,1009.49,859,476
2026-04-19T06:23:02.151289+00:00,28.2,58.0,1009.48,859,478
2026-04-19T06:23:04.781040+00:00,28.3,57.9,1009.48,863,491
2026-04-19T06:23:07.286207+00:00,28.3,58.0,1009.49,854,460
2026-04-19T06:23:09.813637+00:00,28.3,58.0,1009.49,864,492
2026-04-19T06:23:12.506702+00:00,28.3,58.3,1009.5,858,474
2026-04-19T06:23:14.992826+00:00,28.3,58.1,1009.5,865,497
2026-04-19T06:23:17.604588+00:00,28.3,58.0,1009.49,860,479
2026-04-19T06:23:20.105505+00:00,28.3,57.9,1009.5,865,496
2026-04-19T06:23:22.900995+00:00,28.3,58.0,1009.49,856,468
2026-04-19T06:23:25.196872+00:00,28.3,58.2,1009.48,872,520
2026-04-19T06:23:27.869362+00:00,28.3,57.9,1009.48,859,475
2026-04-19T06:23:30.312701+00:00,28.4,57.8,1009.47,866,500
2026-04-19T06:23:33.782575+00:00,28.3,57.6,1009.47,861,483
2026-04-19T06:23:35.481601+00:00,28.4,57.8,1009.47,860,480
2026-04-19T06:23:38.235136+00:00,28.3,57.5,1009.46,861,484
2026-04-19T06:23:40.638001+00:00,28.3,57.5,1009.48,851,450
2026-04-19T06:23:43.171520+00:00,28.4,57.4,1009.48,859,478
2026-04-19T06:23:45.734408+00:00,28.4,57.3,1009.49,865,495
2026-04-19T06:23:48.462154+00:00,28.4,57.3,1009.48,857,471
2026-04-19T06:23:50.930344+00:00,28.4,57.2,1009.48,860,480
2026-04-19T06:23:53.753081+00:00,28.4,57.4,1009.48,857,469
2026-04-19T06:23:56.583729+00:00,28.4,57.4,1009.48,865,496
2026-04-19T06:23:58.561866+00:00,28.4,57.4,1009.47,867,502
2026-04-19T06:24:01.103706+00:00,28.4,57.2,1009.48,867,502
2026-04-19T06:24:03.708643+00:00,28.4,57.3,1009.48,855,465
2026-04-19T06:24:06.278211+00:00,28.4,57.5,1009.48,858,473
2026-04-19T06:24:10.725033+00:00,28.4,57.4,1009.49,861,485
2026-04-19T06:24:11.402605+00:00,28.4,57.2,1009.5,864,493
2026-04-19T06:24:13.983325+00:00,28.4,57.3,1009.5,856,466
2026-04-19T06:24:16.523625+00:00,28.4,57.1,1009.5,859,477
2026-04-19T06:24:19.074361+00:00,28.4,57.1,1009.5,872,518
2026-04-19T06:24:21.670460+00:00,28.4,57.2,1009.51,858,474
2026-04-19T06:24:24.203658+00:00,28.4,57.3,1009.51,854,460
2026-04-19T06:24:26.762171+00:00,28.4,57.2,1009.51,866,501
2026-04-19T06:24:29.383355+00:00,28.4,57.1,1009.49,855,464
2026-04-19T06:24:31.957569+00:00,28.4,57.3,1009.5,872,518
2026-04-19T06:24:34.644146+00:00,28.4,56.9,1009.5,853,457
2026-04-19T06:24:37.064697+00:00,28.4,57.0,1009.5,864,491
2026-04-19T06:24:39.605519+00:00,28.4,57.2,1009.5,865,496
2026-04-19T06:24:42.199484+00:00,28.4,57.0,1009.49,869,508
2026-04-19T06:24:44.806222+00:00,28.4,57.1,1009.49,866,501
2026-04-19T06:24:47.299951+00:00,28.4,57.3,1009.5,865,495
2026-04-19T06:24:49.826419+00:00,28.4,57.1,1009.5,860,479
2026-04-19T06:24:52.468649+00:00,28.4,57.4,1009.5,861,483
2026-04-19T06:24:55.023686+00:00,28.4,57.3,1009.5,859,477
2026-04-19T06:24:57.773786+00:00,28.4,57.6,1009.5,871,515
2026-04-19T06:25:00.162483+00:00,28.4,57.2,1009.49,864,494
2026-04-19T06:25:02.701497+00:00,28.4,57.4,1009.49,859,476
2026-04-19T06:25:05.256331+00:00,28.4,57.2,1009.49,862,486
2026-04-19T06:25:07.870944+00:00,28.4,57.3,1009.49,861,484
2026-04-19T06:25:10.382618+00:00,28.4,57.0,1009.49,852,454
2026-04-19T06:25:13.146356+00:00,28.4,57.2,1009.49,864,493
2026-04-19T06:25:15.537999+00:00,28.4,57.5,1009.49,863,488
2026-04-19T06:25:18.092615+00:00,28.4,57.8,1009.49,873,521
2026-04-19T06:25:20.688160+00:00,28.4,57.7,1009.49,865,496
2026-04-19T06:25:23.237160+00:00,28.4,57.4,1009.49,861,484
2026-04-19T06:25:25.844439+00:00,28.4,57.6,1009.49,863,489
2026-04-19T06:25:28.824989+00:00,28.4,57.4,1009.49,861,484
2026-04-19T06:25:30.868416+00:00,28.4,57.2,1009.49,863,490
2026-04-19T06:25:33.455943+00:00,28.4,57.0,1009.49,866,498
2026-04-19T06:25:36.250716+00:00,28.4,57.2,1009.49,860,481
2026-04-19T06:25:38.586940+00:00,28.4,57.1,1009.48,858,474
2026-04-19T06:25:41.165093+00:00,28.4,57.2,1009.48,856,467
2026-04-19T06:25:43.766841+00:00,28.4,57.2,1009.49,857,471
2026-04-19T06:25:46.332987+00:00,28.4,57.0,1009.48,859,476
2026-04-19T06:25:48.847454+00:00,28.4,57.2,1009.48,865,495
2026-04-19T06:25:51.472663+00:00,28.4,56.9,1009.47,858,472
2026-04-19T06:25:54.127910+00:00,28.4,57.0,1009.47,858,474
2026-04-19T06:25:56.550182+00:00,28.4,57.0,1009.46,864,494
2026-04-19T06:25:59.326183+00:00,28.4,57.0,1009.47,863,489
2026-04-19T06:26:01.703581+00:00,28.4,56.9,1009.47,859,478
2026-04-19T06:26:04.243940+00:00,28.4,57.0,1009.46,859,477
2026-04-19T06:26:06.839965+00:00,28.4,57.0,1009.46,864,493
2026-04-19T06:26:09.449400+00:00,28.4,57.1,1009.46,860,478
2026-04-19T06:26:11.984363+00:00,28.4,57.2,1009.46,856,468
2026-04-19T06:26:14.537874+00:00,28.3,57.1,1009.45,860,479
2026-04-19T06:26:17.063113+00:00,28.4,57.0,1009.45,859,477
2026-04-19T06:26:19.670348+00:00,28.4,57.1,1009.45,862,486
2026-04-19T06:26:22.203820+00:00,28.4,57.2,1009.44,864,494
2026-04-19T06:26:24.773171+00:00,28.4,57.1,1009.45,857,469
2026-04-19T06:26:27.326353+00:00,28.4,57.2,1009.45,858,475
2026-04-19T06:26:29.928515+00:00,28.4,57.5,1009.45,861,482
2026-04-19T06:26:32.575557+00:00,28.4,57.4,1009.45,867,504
2026-04-19T06:26:34.999531+00:00,28.4,57.4,1009.45,860,479
2026-04-19T06:26:37.616989+00:00,28.4,57.4,1009.45,854,461
2026-04-19T06:26:40.169724+00:00,28.4,57.3,1009.45,858,474
2026-04-19T06:26:42.766070+00:00,28.4,57.2,1009.44,871,517
2026-04-19T06:26:45.466355+00:00,28.3,57.5,1009.45,856,467
2026-04-19T06:26:48.229740+00:00,28.4,57.5,1009.44,867,503
2026-04-19T06:26:50.447017+00:00,28.4,57.5,1009.44,860,481
2026-04-19T06:26:53.063835+00:00,28.4,58.2,1009.44,863,491
2026-04-19T06:26:55.522485+00:00,28.4,58.4,1009.43,861,485
2026-04-19T06:26:58.288589+00:00,28.4,57.9,1009.44,858,473
2026-04-19T07:47:28.936462+00:00,28.2,58.1,1007.83,482,63
2026-04-19T07:47:31.520756+00:00,28.3,58.4,1007.83,499,72
2026-04-19T07:47:34.076756+00:00,28.2,58.5,1007.83,503,74
2026-04-19T07:47:36.646032+00:00,28.2,58.2,1007.82,498,71
2026-04-19T07:47:39.175031+00:00,28.2,58.2,1007.83,508,76
2026-04-19T07:47:41.730564+00:00,28.2,58.5,1007.83,508,77
2026-04-19T07:47:44.404991+00:00,28.2,58.5,1007.82,507,76
2026-04-19T07:47:46.843305+00:00,28.3,58.7,1007.83,515,80
2026-04-19T07:47:49.443166+00:00,28.2,58.6,1007.83,512,78
2026-04-19T07:47:52.060307+00:00,28.2,58.4,1007.83,514,80
2026-04-19T07:47:54.517938+00:00,28.2,58.5,1007.84,499,72
2026-04-19T07:47:57.130782+00:00,28.2,58.7,1007.84,514,80
2026-04-19T07:47:59.811978+00:00,28.2,58.8,1007.84,503,74
2026-04-19T07:48:03.533265+00:00,28.2,58.7,1007.85,508,77
2026-04-19T07:48:04.794980+00:00,28.3,58.7,1007.84,510,78
2026-04-19T07:48:07.370412+00:00,28.2,58.6,1007.84,522,84
2026-04-19T07:48:10.012205+00:00,28.2,58.7,1007.85,524,85
2026-04-19T07:48:12.474407+00:00,28.2,58.6,1007.85,513,79
2026-04-19T07:48:15.039478+00:00,28.2,58.8,1007.86,507,76
2026-04-19T07:48:17.695621+00:00,28.2,58.7,1007.85,509,77
2026-04-19T07:48:20.175433+00:00,28.2,58.5,1007.85,518,82
2026-04-19T07:48:22.778709+00:00,28.2,58.5,1007.85,488,66
2026-04-19T07:48:25.408487+00:00,28.2,58.4,1007.85,534,91
2026-04-19T07:48:27.896331+00:00,28.2,58.6,1007.85,516,81
2026-04-19T07:48:30.457067+00:00,28.2,58.6,1007.84,523,85
2026-04-19T07:48:33.007702+00:00,28.2,58.4,1007.84,531,89
2026-04-19T07:48:35.605164+00:00,28.2,58.4,1007.84,541,95
2026-04-19T07:48:38.139203+00:00,28.2,58.4,1007.84,511,78
2026-04-19T07:48:40.753610+00:00,28.3,58.4,1007.83,499,72
2026-04-19T07:48:43.279581+00:00,28.3,58.4,1007.83,525,86
2026-04-19T07:48:46.769910+00:00,28.2,58.5,1007.83,519,82
2026-04-19T07:48:48.684958+00:00,28.3,58.5,1007.84,502,73
2026-04-19T07:48:50.995927+00:00,28.3,58.4,1007.84,533,91
2026-04-19T07:48:53.562140+00:00,28.3,58.4,1007.83,522,84
2026-04-19T07:48:56.133705+00:00,28.3,58.5,1007.82,510,78
2026-04-19T07:48:58.690804+00:00,28.3,58.5,1007.82,540,95
2026-04-19T07:49:01.693753+00:00,28.3,58.7,1007.83,526,86
2026-04-19T07:49:03.789540+00:00,28.2,58.5,1007.81,527,87
2026-04-19T07:49:06.366438+00:00,28.3,58.5,1007.82,517,81
2026-04-19T07:49:08.975646+00:00,28.3,58.5,1007.82,524,86
2026-04-19T07:49:11.519233+00:00,28.3,58.3,1007.83,528,88
2026-04-19T07:49:14.084138+00:00,28.3,58.6,1007.82,528,88
2026-04-19T07:49:16.671813+00:00,28.3,58.5,1007.82,495,69
2026-04-19T07:49:19.237934+00:00,28.3,58.5,1007.82,527,87
2026-04-19T07:49:21.880780+00:00,28.3,58.5,1007.81,503,74
2026-04-19T07:49:24.327494+00:00,28.3,58.5,1007.81,498,71
2026-04-19T07:49:26.888244+00:00,28.3,58.2,1007.81,506,75
2026-04-19T07:49:29.487523+00:00,28.3,58.2,1007.82,526,86
2026-04-19T07:49:32.110918+00:00,28.2,58.1,1007.8,501,72
2026-04-19T07:49:34.560881+00:00,28.3,58.4,1007.81,511,78
2026-04-19T07:49:37.175106+00:00,28.3,58.4,1007.81,533,90
2026-04-19T07:49:39.717169+00:00,28.2,58.2,1007.8,519,82
2026-04-19T07:49:42.310359+00:00,28.2,58.3,1007.8,524,85
2026-04-19T07:49:44.838449+00:00,28.3,58.5,1007.8,544,97
2026-04-19T07:49:47.526950+00:00,28.3,58.4,1007.8,519,82
2026-04-19T07:49:49.954531+00:00,28.3,58.3,1007.79,529,88
2026-04-19T07:49:52.680348+00:00,28.3,58.4,1007.79,521,83
2026-04-19T07:49:55.140439+00:00,28.3,58.3,1007.79,530,89
2026-04-19T07:49:57.719633+00:00,28.3,58.3,1007.79,519,83
2026-04-19T07:50:00.237763+00:00,28.3,58.5,1007.79,512,79
2026-04-19T07:50:02.797795+00:00,28.3,58.5,1007.79,528,88
2026-04-19T07:50:05.453081+00:00,28.3,58.5,1007.79,520,83
2026-04-19T07:50:07.996398+00:00,28.3,58.6,1007.79,529,88
2026-04-19T07:50:10.477917+00:00,28.3,58.3,1007.8,509,77
2026-04-19T07:50:13.079123+00:00,28.3,58.4,1007.8,532,90
2026-04-19T07:50:15.650567+00:00,28.3,58.5,1007.79,519,83
2026-04-19T07:50:18.154187+00:00,28.3,58.2,1007.78,526,86
2026-04-19T07:50:20.851843+00:00,28.3,58.3,1007.79,528,88
2026-04-19T07:50:23.536695+00:00,28.3,58.2,1007.79,521,83
2026-04-19T07:50:26.172746+00:00,28.3,58.2,1007.79,514,80
2026-04-19T07:50:28.564426+00:00,28.3,57.9,1007.78,546,98
2026-04-19T07:50:31.037379+00:00,28.4,58.1,1007.77,522,84
2026-04-19T07:50:33.612367+00:00,28.3,58.1,1007.77,545,97
2026-04-19T07:50:36.172093+00:00,28.3,58.2,1007.77,529,88
2026-04-19T07:50:38.884310+00:00,28.4,58.3,1007.77,526,87
2026-04-19T07:50:41.292666+00:00,28.4,58.3,1007.77,521,84
2026-04-19T07:50:43.894549+00:00,28.4,58.3,1007.77,534,91
2026-04-19T07:50:46.404149+00:00,28.4,58.3,1007.77,514,80
2026-04-19T07:50:49.028634+00:00,28.4,58.5,1007.76,528,87
2026-04-19T07:50:51.554977+00:00,28.4,58.2,1007.77,544,97
2026-04-19T07:50:54.068013+00:00,28.4,58.4,1007.77,524,85
2026-04-19T07:50:56.722231+00:00,28.4,58.7,1007.76,528,88
2026-04-19T07:50:59.196607+00:00,28.4,58.5,1007.76,519,82
2026-04-19T07:51:01.806311+00:00,28.4,58.7,1007.77,544,97
2026-04-19T07:51:04.427151+00:00,28.4,58.4,1007.76,519,83
2026-04-19T07:51:07.129437+00:00,28.4,58.4,1007.76,516,81
2026-04-19T07:51:09.554101+00:00,28.4,58.0,1007.75,527,87
2026-04-19T07:51:12.039503+00:00,28.4,58.0,1007.75,530,88
2026-04-19T07:51:14.600100+00:00,28.4,58.2,1007.75,531,89
2026-04-19T07:51:17.422111+00:00,28.4,58.1,1007.75,518,82
2026-04-19T07:51:19.946553+00:00,28.4,58.1,1007.75,532,90
2026-04-19T07:51:22.412230+00:00,28.4,57.8,1007.74,541,95
2026-04-19T07:51:24.891066+00:00,28.4,57.6,1007.74,542,96
2026-04-19T07:51:27.452194+00:00,28.4,57.9,1007.74,520,83
2026-04-19T07:51:30.176277+00:00,28.4,57.9,1007.74,528,88
2026-04-19T07:51:32.651972+00:00,28.4,58.0,1007.74,537,93
2026-04-19T07:51:35.286289+00:00,28.4,57.8,1007.74,529,88
2026-04-19T07:51:37.777321+00:00,28.4,57.9,1007.73,539,94
2026-04-19T07:51:40.242015+00:00,28.4,58.0,1007.73,560,106
2026-04-19T07:51:42.885081+00:00,28.4,58.0,1007.73,534,91
2026-04-19T07:51:45.440678+00:00,28.4,58.2,1007.73,550,101
2026-04-19T07:51:48.004625+00:00,28.4,58.2,1007.73,534,91
2026-04-19T07:51:50.604575+00:00,28.3,58.4,1007.74,549,100
2026-04-19T07:51:53.451917+00:00,28.4,58.3,1007.74,540,94
2026-04-19T07:51:55.689609+00:00,28.4,58.1,1007.73,546,98
2026-04-19T07:51:58.247374+00:00,28.4,58.2,1007.72,540,95
2026-04-19T07:52:00.844243+00:00,28.4,58.1,1007.72,536,92
2026-04-19T07:52:03.360214+00:00,28.4,57.9,1007.72,541,95
2026-04-19T07:52:05.972750+00:00,28.4,57.9,1007.72,532,90
2026-04-19T07:52:08.539193+00:00,28.3,57.9,1007.72,541,95
2026-04-19T07:52:11.049622+00:00,28.3,58.0,1007.71,522,84
2026-04-19T07:52:13.686804+00:00,28.4,58.1,1007.71,539,94
2026-04-19T07:52:16.239136+00:00,28.4,57.8,1007.72,544,97
2026-04-19T07:52:18.724296+00:00,28.3,58.0,1007.71,533,90
2026-04-19T07:52:21.390534+00:00,28.3,58.2,1007.71,539,94
2026-04-19T07:52:23.870174+00:00,28.4,58.3,1007.7,541,95
2026-04-19T07:52:26.440543+00:00,28.4,58.1,1007.71,535,91
2026-04-19T07:52:29.033174+00:00,28.4,58.3,1007.7,557,104
2026-04-19T07:52:31.687121+00:00,28.4,58.2,1007.7,535,92
2026-04-19T07:52:34.229919+00:00,28.4,58.0,1007.69,544,97
2026-04-19T07:52:36.714882+00:00,28.4,58.0,1007.69,544,97
2026-04-19T07:52:39.287169+00:00,28.4,58.0,1007.68,519,83
2026-04-19T07:52:41.800777+00:00,28.4,58.0,1007.68,530,89
2026-04-19T07:52:44.403812+00:00,28.4,58.2,1007.69,553,102
2026-04-19T07:52:46.985814+00:00,28.4,58.1,1007.69,533,90
2026-04-19T07:52:49.546865+00:00,28.4,58.1,1007.69,538,94
2026-04-19T07:52:52.102766+00:00,28.4,57.9,1007.69,537,93
2026-04-19T07:52:54.802807+00:00,28.4,57.9,1007.69,531,89
2026-04-19T07:52:57.204598+00:00,28.4,57.9,1007.69,538,94
2026-04-19T07:52:59.811355+00:00,28.4,58.0,1007.69,541,95
2026-04-19T07:53:02.344156+00:00,28.4,58.0,1007.68,540,94
2026-04-19T07:53:05.069313+00:00,28.4,58.1,1007.68,550,101
2026-04-19T07:53:07.484857+00:00,28.4,58.1,1007.68,548,99
2026-04-19T07:53:10.026929+00:00,28.4,58.0,1007.68,554,103
2026-04-19T07:53:12.599093+00:00,28.4,58.0,1007.67,539,94
2026-04-19T07:53:15.235873+00:00,28.4,58.5,1007.67,557,105
2026-04-19T07:53:17.804759+00:00,28.4,58.6,1007.67,556,104
2026-04-19T07:53:20.357264+00:00,28.4,58.4,1007.66,529,88
2026-04-19T07:53:22.963961+00:00,28.4,58.5,1007.67,549,100
2026-04-19T07:53:25.480551+00:00,28.4,58.3,1007.67,553,102
2026-04-19T07:53:28.037531+00:00,28.4,58.2,1007.67,538,93
2026-04-19T07:53:30.628104+00:00,28.4,58.1,1007.66,560,106
2026-04-19T07:53:33.162393+00:00,28.4,58.3,1007.66,547,99
2026-04-19T07:53:35.760994+00:00,28.4,58.4,1007.65,564,109
2026-04-19T07:53:38.296987+00:00,28.4,58.2,1007.65,550,100
2026-04-19T07:53:41.132023+00:00,28.5,58.0,1007.65,539,94
2026-04-19T07:53:43.676253+00:00,28.4,57.9,1007.65,540,95
2026-04-19T07:53:45.970243+00:00,28.4,58.1,1007.64,570,112
2026-04-19T07:53:48.616742+00:00,28.4,58.0,1007.64,538,93
2026-04-19T07:53:51.121091+00:00,28.5,57.9,1007.64,556,104
2026-04-19T07:53:53.707799+00:00,28.4,57.8,1007.63,546,98
2026-04-19T07:53:56.287188+00:00,28.5,58.0,1007.63,572,114
2026-04-19T07:53:58.860509+00:00,28.5,58.0,1007.63,557,105
2026-04-19T07:54:01.373293+00:00,28.5,57.7,1007.62,539,94
2026-04-19T07:54:03.980821+00:00,28.4,57.8,1007.63,549,100
2026-04-19T07:54:06.512923+00:00,28.5,57.8,1007.63,558,105
2026-04-19T07:54:09.210676+00:00,28.5,57.8,1007.63,554,103
2026-04-19T07:54:11.660033+00:00,28.5,57.8,1007.62,560,106
2026-04-19T07:54:14.445965+00:00,28.5,57.8,1007.63,555,103
2026-04-19T07:54:16.801640+00:00,28.4,57.7,1007.62,556,104
2026-04-19T07:54:19.334757+00:00,28.4,57.9,1007.63,556,104
2026-04-19T07:54:22.137784+00:00,28.5,57.9,1007.63,548,99
2026-04-19T07:54:24.489514+00:00,28.5,57.9,1007.63,556,104
2026-04-19T07:54:27.007636+00:00,28.5,57.8,1007.63,553,102
2026-04-19T07:54:30.211041+00:00,28.5,57.9,1007.63,558,105
2026-04-19T07:54:32.308440+00:00,28.5,57.8,1007.63,573,115
2026-04-19T07:54:34.709995+00:00,28.5,57.8,1007.62,563,108
2026-04-19T07:54:37.324470+00:00,28.5,57.8,1007.63,564,109
2026-04-19T07:54:39.870303+00:00,28.5,57.7,1007.63,544,97
2026-04-19T07:54:42.371966+00:00,28.5,57.6,1007.64,554,103
2026-04-19T07:54:44.995052+00:00,28.5,57.9,1007.63,561,107
2026-04-19T07:54:47.594466+00:00,28.5,57.7,1007.63,569,112
2026-04-19T07:54:50.088240+00:00,28.5,57.7,1007.63,555,103
2026-04-19T07:54:52.730215+00:00,28.6,57.6,1007.63,558,105
2026-04-19T07:54:55.425113+00:00,28.5,57.7,1007.63,557,104
2026-04-19T07:54:57.806972+00:00,28.5,57.7,1007.63,549,100
2026-04-19T07:55:00.329858+00:00,28.5,57.8,1007.63,541,95
2026-04-19T07:55:03.673891+00:00,28.6,57.8,1007.63,578,118
2026-04-19T07:55:05.509631+00:00,28.5,57.8,1007.64,554,103
2026-04-19T07:55:08.060702+00:00,28.5,57.6,1007.64,573,114
2026-04-19T07:55:10.773969+00:00,28.6,57.7,1007.64,564,109
2026-04-19T07:55:13.235376+00:00,28.6,57.6,1007.65,576,116
2026-04-19T07:55:15.754762+00:00,28.6,57.9,1007.65,560,106
2026-04-19T07:55:18.321193+00:00,28.6,57.7,1007.64,556,104
2026-04-19T07:55:20.946644+00:00,28.6,57.5,1007.65,571,113
2026-04-19T07:55:23.432666+00:00,28.6,57.6,1007.65,546,98
2026-04-19T07:55:26.011967+00:00,28.6,57.7,1007.65,582,120
2026-04-19T07:55:28.596865+00:00,28.6,57.7,1007.65,559,106
2026-04-19T07:55:31.119916+00:00,28.6,57.5,1007.65,566,110
2026-04-19T07:55:33.671686+00:00,28.7,57.4,1007.65,574,115
2026-04-19T07:55:36.273647+00:00,28.7,57.6,1007.65,568,111
2026-04-19T07:55:38.844921+00:00,28.7,57.4,1007.64,562,108
2026-04-19T07:55:41.364202+00:00,28.7,57.2,1007.64,572,114
2026-04-19T07:55:43.908769+00:00,28.7,57.2,1007.63,555,103
2026-04-19T07:55:46.870517+00:00,28.7,57.4,1007.63,548,99
2026-04-19T07:55:49.137949+00:00,28.7,57.3,1007.63,563,108
2026-04-19T07:55:51.793482+00:00,28.7,57.3,1007.63,560,106
2026-04-19T07:55:54.228272+00:00,28.7,57.6,1007.62,563,108
2026-04-19T07:55:56.811162+00:00,28.7,57.2,1007.62,539,94
2026-04-19T07:55:59.451117+00:00,28.7,57.3,1007.62,554,103
2026-04-19T07:56:01.919818+00:00,28.7,57.4,1007.63,557,104
2026-04-19T07:56:04.490749+00:00,28.7,57.5,1007.63,564,109
2026-04-19T07:56:07.084663+00:00,28.7,57.4,1007.62,559,106
2026-04-19T07:56:09.610602+00:00,28.7,57.4,1007.61,565,110
2026-04-19T07:56:12.217789+00:00,28.7,57.4,1007.61,564,109
2026-04-19T07:56:14.805171+00:00,28.7,57.2,1007.61,570,112
2026-04-19T07:56:17.324487+00:00,28.7,57.2,1007.61,567,111
2026-04-19T07:56:19.885056+00:00,28.7,57.2,1007.61,569,112
2026-04-19T07:56:22.513123+00:00,28.7,57.4,1007.62,554,103
2026-04-19T07:56:25.044269+00:00,28.7,57.5,1007.62,570,112
2026-04-19T07:56:27.602036+00:00,28.7,57.2,1007.61,558,105
2026-04-19T07:56:30.194169+00:00,28.7,57.1,1007.6,567,111
2026-04-19T07:56:32.776987+00:00,28.7,57.0,1007.6,564,109
2026-04-19T07:56:35.283817+00:00,28.8,57.3,1007.6,562,108
2026-04-19T07:56:37.807549+00:00,28.7,57.2,1007.59,579,118
2026-04-19T07:56:40.410526+00:00,28.8,57.1,1007.59,572,114
2026-04-19T07:56:42.960876+00:00,28.7,57.1,1007.58,564,109
2026-04-19T07:56:45.711886+00:00,28.7,57.2,1007.59,574,115
2026-04-19T07:56:48.119426+00:00,28.8,57.1,1007.59,575,116
2026-04-19T07:56:51.102023+00:00,28.7,57.2,1007.58,578,117
2026-04-19T07:56:53.445972+00:00,28.8,56.9,1007.58,562,107
2026-04-19T07:56:55.803091+00:00,28.8,57.2,1007.59,558,105
2026-04-19T07:56:58.441360+00:00,28.8,56.9,1007.59,566,110
2026-04-19T07:57:00.923982+00:00,28.8,56.8,1007.6,582,120
2026-04-19T07:57:03.697697+00:00,28.8,57.0,1007.6,567,111
2026-04-19T07:57:06.104708+00:00,28.8,57.1,1007.59,579,118
2026-04-19T07:57:08.624963+00:00,28.8,57.0,1007.59,565,110
2026-04-19T07:57:11.153269+00:00,28.8,56.9,1007.59,574,115
2026-04-19T07:57:13.739867+00:00,28.8,57.0,1007.59,587,123
2026-04-19T07:57:16.478419+00:00,28.8,57.0,1007.58,570,112
2026-04-19T07:57:19.048006+00:00,28.8,56.9,1007.58,565,110
2026-04-19T07:57:21.445075+00:00,28.8,56.9,1007.59,576,116
2026-04-19T07:57:24.276878+00:00,28.8,57.1,1007.58,570,113
2026-04-19T07:57:26.634672+00:00,28.8,56.9,1007.58,568,111
2026-04-19T07:57:29.128461+00:00,28.8,57.0,1007.58,562,108
2026-04-19T07:57:31.732428+00:00,28.8,56.8,1007.58,580,119
2026-04-19T07:57:34.244616+00:00,28.8,56.9,1007.58,573,115
2026-04-19T07:57:36.828905+00:00,28.8,57.1,1007.58,560,107
2026-04-19T07:57:39.590431+00:00,28.8,57.0,1007.58,564,109
2026-04-19T07:57:41.980234+00:00,28.8,56.8,1007.57,560,107
2026-04-19T07:57:44.512713+00:00,28.8,56.8,1007.58,565,110
2026-04-19T07:57:47.116289+00:00,28.8,56.9,1007.57,581,119
2026-04-19T07:57:49.623338+00:00,28.8,56.9,1007.57,547,98
2026-04-19T07:57:52.200307+00:00,28.7,57.0,1007.56,572,114
2026-04-19T07:57:54.888315+00:00,28.8,56.9,1007.57,569,112
2026-04-19T07:57:57.349387+00:00,28.7,57.0,1007.57,583,120
2026-04-19T07:57:59.989056+00:00,28.8,57.2,1007.57,565,109
2026-04-19T07:58:02.536900+00:00,28.7,57.9,1007.56,586,123
2026-04-19T07:58:05.015717+00:00,28.8,57.8,1007.55,622,147
2026-04-19T07:58:07.595177+00:00,28.7,57.6,1007.55,604,135
2026-04-19T07:58:10.598357+00:00,28.7,57.5,1007.55,573,115
2026-04-19T07:58:12.731703+00:00,28.7,57.6,1007.55,579,118
2026-04-19T07:58:15.267914+00:00,28.7,57.2,1007.55,585,122
2026-04-19T07:58:17.884994+00:00,28.7,57.1,1007.56,592,127
2026-04-19T07:58:20.445581+00:00,28.7,57.2,1007.55,567,111
2026-04-19T07:58:23.003300+00:00,28.7,57.2,1007.55,571,113
2026-04-19T07:58:25.781038+00:00,,,1007.55,583,121
2026-04-19T07:58:28.128827+00:00,28.7,57.2,1007.55,575,116
2026-04-19T07:58:30.872168+00:00,,,1007.55,581,119
2026-04-19T07:58:33.230114+00:00,28.7,57.1,1007.54,569,112
2026-04-19T07:58:36.097060+00:00,28.7,57.2,1007.54,579,118
2026-04-19T07:58:38.396579+00:00,28.7,57.2,1007.54,574,115
2026-04-19T07:58:41.065734+00:00,28.6,57.2,1007.54,577,117
2026-04-19T07:58:43.601082+00:00,28.7,57.2,1007.54,587,124
2026-04-19T07:58:46.103760+00:00,28.6,57.2,1007.54,587,123
2026-04-19T07:58:48.826245+00:00,28.6,57.6,1007.54,572,114
2026-04-19T07:58:51.349435+00:00,28.7,57.4,1007.54,586,123
2026-04-19T07:58:53.803983+00:00,28.6,57.6,1007.54,597,130
2026-04-19T07:58:56.560370+00:00,28.7,57.8,1007.54,573,115
2026-04-19T07:58:59.287134+00:00,28.6,57.4,1007.54,604,134
2026-04-19T07:59:01.482236+00:00,28.6,57.4,1007.54,577,117
2026-04-19T07:59:04.045465+00:00,28.7,57.8,1007.53,574,115
2026-04-19T07:59:06.625909+00:00,28.6,57.5,1007.54,589,125
2026-04-19T07:59:09.187827+00:00,28.6,57.4,1007.54,573,115
2026-04-19T07:59:11.746783+00:00,28.7,57.6,1007.55,603,134
2026-04-19T07:59:14.421324+00:00,28.7,57.4,1007.54,586,123
2026-04-19T07:59:16.868656+00:00,28.6,57.3,1007.54,576,116
2026-04-19T07:59:19.768845+00:00,28.6,57.0,1007.54,564,109
2026-04-19T07:59:22.091747+00:00,28.7,57.2,1007.53,551,101
2026-04-19T07:59:24.572123+00:00,28.6,57.4,1007.53,576,117
2026-04-19T07:59:27.178250+00:00,28.6,57.5,1007.52,560,106
2026-04-19T07:59:29.749316+00:00,28.6,57.2,1007.52,562,108
2026-04-19T07:59:32.258388+00:00,28.6,57.5,1007.52,583,120
2026-04-19T07:59:34.831824+00:00,28.7,57.3,1007.51,579,118
2026-04-19T07:59:37.466079+00:00,28.7,57.3,1007.51,558,105
2026-04-19T07:59:40.004799+00:00,28.6,57.3,1007.52,574,115
2026-04-19T07:59:43.750789+00:00,28.7,57.1,1007.51,575,116
2026-04-19T07:59:45.438032+00:00,28.7,57.3,1007.5,581,120
2026-04-19T07:59:47.766380+00:00,28.7,57.3,1007.5,558,105
2026-04-19T07:59:50.327682+00:00,28.7,57.3,1007.5,579,118
2026-04-19T07:59:52.858005+00:00,28.7,57.2,1007.5,584,121
2026-04-19T07:59:55.345549+00:00,28.7,57.6,1007.5,611,140
2026-04-19T07:59:58.217837+00:00,28.7,57.8,1007.49,582,120
2026-04-19T08:00:00.566298+00:00,28.7,57.5,1007.49,580,119
2026-04-19T08:00:03.032400+00:00,28.7,57.5,1007.49,594,128
2026-04-19T08:00:05.582368+00:00,28.7,57.4,1007.49,596,129
2026-04-19T08:00:08.268672+00:00,28.7,57.4,1007.49,612,140
2026-04-19T08:00:10.714118+00:00,28.7,57.5,1007.5,595,129
2026-04-19T08:00:13.421650+00:00,28.7,57.5,1007.5,587,124
2026-04-19T08:00:15.923535+00:00,28.7,57.5,1007.51,598,131
2026-04-19T08:00:18.445080+00:00,28.7,57.4,1007.5,583,121
2026-04-19T08:00:21.069349+00:00,28.7,57.4,1007.51,600,132
2026-04-19T08:00:23.546521+00:00,28.7,57.3,1007.51,575,116
2026-04-19T08:00:26.900405+00:00,28.7,57.5,1007.51,581,120
2026-04-19T08:00:28.692737+00:00,28.7,57.6,1007.5,569,112
2026-04-19T08:00:31.240926+00:00,28.7,57.5,1007.51,593,127
2026-04-19T08:00:33.873046+00:00,28.7,57.5,1007.52,582,120
2026-04-19T08:00:36.346603+00:00,28.7,57.6,1007.51,593,127
2026-04-19T08:00:39.027007+00:00,28.7,57.6,1007.51,585,122
2026-04-19T08:00:41.602223+00:00,28.7,57.7,1007.51,587,124
2026-04-19T08:00:44.094773+00:00,28.7,57.7,1007.5,575,115
2026-04-19T08:00:46.634837+00:00,28.7,57.5,1007.5,588,124
2026-04-19T08:00:49.514575+00:00,28.7,57.5,1007.51,578,118
2026-04-19T08:00:51.845062+00:00,28.7,57.2,1007.5,587,124
2026-04-19T08:00:54.310802+00:00,28.7,57.1,1007.49,576,116
2026-04-19T08:00:56.909920+00:00,28.7,57.1,1007.49,584,122
2026-04-19T08:00:59.463379+00:00,28.7,57.5,1007.5,606,136
2026-04-19T08:01:02.028674+00:00,28.7,57.7,1007.49,597,130
2026-04-19T08:01:04.598573+00:00,28.7,57.9,1007.49,627,151
2026-04-19T08:01:07.151837+00:00,28.6,57.7,1007.49,581,119
2026-04-19T08:01:18.364324+00:00,28.7,57.6,1007.48,574,115
2026-04-19T08:01:18.944670+00:00,28.7,57.4,1007.47,584,122
2026-04-19T08:01:19.197921+00:00,28.7,57.4,1007.47,579,118
2026-04-19T08:01:19.484085+00:00,28.7,57.2,1007.47,577,117
2026-04-19T08:01:19.992550+00:00,28.7,57.2,1007.47,581,120
2026-04-19T08:01:22.569212+00:00,28.6,57.1,1007.47,586,123
2026-04-19T08:01:25.088775+00:00,28.7,57.2,1007.47,603,134
2026-04-19T08:01:27.670154+00:00,28.7,57.2,1007.48,579,118
2026-04-19T08:01:30.245656+00:00,28.7,57.1,1007.48,579,118
2026-04-19T08:01:32.795277+00:00,28.7,57.1,1007.48,591,126
2026-04-19T08:01:35.421468+00:00,28.7,57.0,1007.48,588,124
2026-04-19T08:01:37.925534+00:00,28.7,57.2,1007.49,582,120
2026-04-19T08:01:40.513952+00:00,28.6,57.3,1007.48,589,125
2026-04-19T08:01:43.074295+00:00,28.7,57.2,1007.48,581,120
2026-04-19T08:01:45.634970+00:00,28.7,57.6,1007.48,608,138
2026-04-19T08:01:48.205866+00:00,28.7,57.5,1007.48,614,142
2026-04-19T08:01:50.969907+00:00,28.7,57.6,1007.48,594,128
2026-04-19T08:01:53.433636+00:00,28.7,57.5,1007.48,579,118
2026-04-19T08:01:55.990764+00:00,28.7,57.5,1007.48,596,129
2026-04-19T08:01:58.439667+00:00,28.6,57.5,1007.47,586,123
2026-04-19T08:02:01.138160+00:00,28.7,57.2,1007.47,592,127
2026-04-19T08:02:03.716834+00:00,28.7,57.2,1007.47,606,136
2026-04-19T08:02:06.598689+00:00,28.7,57.1,1007.46,581,120
2026-04-19T08:02:08.914576+00:00,28.7,57.6,1007.47,592,126
2026-04-19T08:02:11.391120+00:00,28.7,57.5,1007.47,580,119
2026-04-19T08:02:13.955858+00:00,28.7,57.5,1007.48,581,119
2026-04-19T08:02:16.488198+00:00,28.6,57.5,1007.47,588,124
2026-04-19T08:02:19.100620+00:00,28.7,57.2,1007.48,594,128
2026-04-19T08:02:21.605992+00:00,28.7,57.5,1007.48,580,119
2026-04-19T08:02:24.209718+00:00,28.7,57.3,1007.48,606,136
2026-04-19T08:02:26.766999+00:00,28.6,57.5,1007.48,578,118
2026-04-19T08:02:29.309239+00:00,28.7,57.5,1007.49,587,123
2026-04-19T08:02:31.879895+00:00,28.7,57.4,1007.49,580,119
2026-04-19T08:02:34.446877+00:00,28.7,57.1,1007.48,595,128
2026-04-19T08:02:36.973312+00:00,28.7,57.5,1007.48,582,120
2026-04-19T08:02:39.561037+00:00,28.7,57.3,1007.48,601,132
2026-04-19T08:02:42.085775+00:00,28.6,57.2,1007.47,606,136
2026-04-19T08:02:44.788411+00:00,28.6,57.4,1007.47,606,136
2026-04-19T08:02:47.898418+00:00,28.7,57.4,1007.47,579,119
2026-04-19T08:02:49.820436+00:00,28.7,57.4,1007.47,585,122
2026-04-19T08:02:52.332946+00:00,28.7,57.6,1007.48,591,126
2026-04-19T08:02:54.977518+00:00,28.6,57.5,1007.47,570,113
2026-04-19T08:02:57.437537+00:00,28.7,57.3,1007.47,565,109
2026-04-19T08:03:00.072613+00:00,28.6,57.4,1007.47,578,117
2026-04-19T08:03:02.652976+00:00,28.6,57.4,1007.46,631,153
2026-04-19T08:03:05.162297+00:00,28.6,57.5,1007.47,600,132
2026-04-19T08:03:07.944239+00:00,28.7,57.5,1007.47,599,131
2026-04-19T08:03:10.320367+00:00,28.7,57.4,1007.46,594,128
2026-04-19T08:03:12.863758+00:00,28.6,57.4,1007.46,590,125
2026-04-19T08:03:15.555594+00:00,28.7,57.2,1007.46,607,137
2026-04-19T08:03:18.252794+00:00,28.7,57.9,1007.45,651,167
2026-04-19T08:03:20.579023+00:00,28.7,57.8,1007.44,594,128
2026-04-19T08:03:23.132806+00:00,28.7,58.0,1007.44,604,135
2026-04-19T08:03:25.706200+00:00,28.7,58.0,1007.44,616,143
2026-04-19T08:03:28.244453+00:00,28.7,57.9,1007.44,581,120
2026-04-19T08:03:31.197319+00:00,28.7,57.7,1007.45,589,125
2026-04-19T08:03:33.394466+00:00,28.6,57.9,1007.45,592,126
2026-04-19T08:03:35.968216+00:00,28.7,57.7,1007.44,589,125
2026-04-19T08:03:38.617847+00:00,28.7,57.6,1007.44,593,127
2026-04-19T08:03:41.090983+00:00,28.7,57.5,1007.43,599,131
2026-04-19T08:03:43.722099+00:00,28.7,57.3,1007.43,590,125
2026-04-19T08:03:46.314925+00:00,28.7,57.2,1007.43,602,133
2026-04-19T08:03:48.874819+00:00,28.7,57.4,1007.42,591,126
2026-04-19T08:03:51.344537+00:00,28.7,57.4,1007.41,576,116
2026-04-19T08:03:53.961562+00:00,28.7,57.4,1007.42,590,125
2026-04-19T08:03:56.486420+00:00,28.7,57.6,1007.42,597,130
2026-04-19T08:03:59.096532+00:00,28.7,57.5,1007.42,595,129
2026-04-19T08:04:01.619896+00:00,28.7,57.6,1007.42,585,122
2026-04-19T08:04:04.206623+00:00,28.7,57.5,1007.43,597,130
2026-04-19T08:04:06.746259+00:00,28.7,57.4,1007.43,583,121
2026-04-19T08:04:09.672743+00:00,28.7,57.3,1007.43,595,128
2026-04-19T08:04:12.000693+00:00,28.7,57.4,1007.43,586,123
2026-04-19T08:04:14.470807+00:00,28.7,57.2,1007.43,590,125
2026-04-19T08:04:16.951413+00:00,28.7,57.5,1007.44,584,122
2026-04-19T08:04:19.570539+00:00,28.7,57.6,1007.43,624,148
2026-04-19T08:04:22.163664+00:00,28.7,57.4,1007.44,583,121
2026-04-19T08:04:24.697516+00:00,28.7,57.2,1007.44,606,136
2026-04-19T08:04:27.692729+00:00,28.7,57.5,1007.44,604,135
2026-04-19T08:04:29.841469+00:00,28.7,57.3,1007.43,601,132
2026-04-19T08:04:32.361988+00:00,28.7,57.1,1007.42,603,134
2026-04-19T08:04:34.921069+00:00,28.7,57.4,1007.43,600,132
2026-04-19T08:04:37.511699+00:00,28.7,57.2,1007.42,613,141
2026-04-19T08:04:40.129724+00:00,28.7,57.2,1007.42,589,125
2026-04-19T08:04:42.610068+00:00,28.7,57.5,1007.43,597,130
2026-04-19T08:04:45.190681+00:00,28.7,57.3,1007.43,596,129
2026-04-19T08:04:47.749907+00:00,28.7,57.1,1007.43,584,122
2026-04-19T08:04:50.351734+00:00,28.7,57.3,1007.43,603,134
2026-04-19T08:04:52.898310+00:00,28.7,57.4,1007.43,594,128
2026-04-19T08:04:55.488676+00:00,28.7,57.3,1007.43,593,128
2026-04-19T08:04:58.079374+00:00,28.7,57.5,1007.44,607,136
2026-04-19T08:05:00.587513+00:00,28.7,57.3,1007.43,601,133
2026-04-19T08:05:03.294496+00:00,28.7,57.4,1007.44,597,130
2026-04-19T08:05:06.775498+00:00,28.6,57.1,1007.44,583,121
2026-04-19T08:05:08.318736+00:00,28.6,57.3,1007.43,613,140
2026-04-19T08:05:10.864771+00:00,28.6,57.4,1007.43,604,134
2026-04-19T08:05:13.493963+00:00,28.6,57.4,1007.42,616,143
2026-04-19T08:05:16.059197+00:00,28.6,57.7,1007.42,627,150
2026-04-19T08:05:18.522483+00:00,28.7,58.2,1007.42,661,175
2026-04-19T08:05:21.215203+00:00,28.6,58.3,1007.42,588,124
2026-04-19T08:05:23.679619+00:00,28.6,58.0,1007.41,584,122
2026-04-19T08:05:26.308236+00:00,28.6,57.7,1007.42,597,130
2026-04-19T08:05:28.833171+00:00,28.7,57.7,1007.41,603,134
2026-04-19T08:05:31.384315+00:00,28.6,57.5,1007.41,603,134
2026-04-19T08:05:33.985276+00:00,28.6,57.5,1007.41,589,125
2026-04-19T08:05:36.606016+00:00,28.6,57.5,1007.4,585,122
2026-04-19T08:05:39.076738+00:00,28.6,57.4,1007.41,594,128
2026-04-19T08:05:41.653517+00:00,28.6,57.6,1007.4,608,138
2026-04-19T08:05:44.196337+00:00,28.6,57.5,1007.39,599,131
2026-04-19T08:05:46.774263+00:00,28.6,57.6,1007.4,588,124
2026-04-19T08:05:49.344299+00:00,28.6,57.5,1007.41,592,127
2026-04-19T08:05:51.894453+00:00,28.6,57.4,1007.41,588,124
2026-04-19T08:05:54.445154+00:00,28.6,57.4,1007.4,592,127
2026-04-19T08:05:57.083572+00:00,28.6,57.2,1007.4,591,126
2026-04-19T08:05:59.638707+00:00,28.6,57.3,1007.4,612,140
2026-04-19T08:06:02.443245+00:00,28.6,57.3,1007.4,581,119
2026-04-19T08:06:04.682842+00:00,28.6,57.2,1007.4,591,126
2026-04-19T08:06:07.318511+00:00,28.6,57.3,1007.4,597,130
2026-04-19T08:06:09.929857+00:00,28.6,57.4,1007.4,595,129
2026-04-19T08:06:12.412308+00:00,28.6,57.5,1007.41,594,128
2026-04-19T08:06:14.987747+00:00,28.6,57.4,1007.41,592,127
2026-04-19T08:06:18.194286+00:00,28.6,57.5,1007.41,597,130
2026-04-19T08:06:20.214114+00:00,28.5,57.3,1007.41,600,132
2026-04-19T08:06:22.694685+00:00,28.6,57.5,1007.4,578,118
2026-04-19T08:06:25.383504+00:00,28.6,57.3,1007.4,578,118
2026-04-19T08:06:27.927832+00:00,28.6,57.5,1007.39,596,129
2026-04-19T08:06:30.489625+00:00,28.6,57.3,1007.39,591,126
2026-04-19T08:06:33.145396+00:00,28.6,57.6,1007.39,598,130
2026-04-19T08:06:35.489958+00:00,28.6,57.7,1007.39,610,138
2026-04-19T08:06:38.093282+00:00,28.6,57.6,1007.39,619,145
2026-04-19T08:06:40.707446+00:00,28.6,57.7,1007.39,605,135
2026-04-19T08:06:43.677711+00:00,28.6,57.9,1007.39,589,125
2026-04-19T08:06:45.833759+00:00,28.6,57.6,1007.39,587,123
2026-04-19T08:06:48.439540+00:00,28.6,57.4,1007.38,614,141
2026-04-19T08:06:51.270053+00:00,28.6,57.4,1007.38,605,135
2026-04-19T08:06:54.336788+00:00,28.6,57.3,1007.38,594,128
2026-04-19T08:06:56.115061+00:00,28.6,57.4,1007.38,601,133
2026-04-19T08:06:58.635881+00:00,28.6,57.4,1007.38,606,136
2026-04-19T08:07:01.229782+00:00,28.6,57.3,1007.38,598,131
2026-04-19T08:07:03.841851+00:00,28.6,57.5,1007.38,585,122
2026-04-19T08:07:08.150370+00:00,28.6,57.3,1007.37,605,135
2026-04-19T08:07:09.687000+00:00,28.6,57.5,1007.37,594,128
2026-04-19T08:07:11.443832+00:00,28.6,57.5,1007.37,595,129
2026-04-19T08:07:14.238851+00:00,28.6,57.4,1007.38,593,128
2026-04-19T08:07:16.742911+00:00,28.6,57.6,1007.38,583,121
2026-04-19T08:07:19.221952+00:00,28.6,57.2,1007.38,599,131
2026-04-19T08:07:21.864382+00:00,28.6,57.2,1007.38,606,136
2026-04-19T08:07:24.362528+00:00,28.6,57.1,1007.38,602,133
2026-04-19T08:07:26.930328+00:00,28.6,57.2,1007.38,590,126
2026-04-19T08:07:29.581714+00:00,28.6,57.5,1007.38,601,133
2026-04-19T08:07:32.153123+00:00,28.6,57.3,1007.37,604,135
2026-04-19T08:07:34.483619+00:00,28.6,57.5,1007.37,620,145
2026-04-19T08:07:37.159027+00:00,28.6,57.2,1007.38,595,128
2026-04-19T08:07:39.832205+00:00,28.6,57.4,1007.38,600,132
2026-04-19T08:07:42.958849+00:00,28.6,57.6,1007.39,608,137
2026-04-19T08:07:45.060686+00:00,28.6,57.4,1007.39,600,132
2026-04-19T08:07:47.413875+00:00,28.6,57.1,1007.39,590,125
2026-04-19T08:07:49.988369+00:00,28.6,57.4,1007.39,603,134
2026-04-19T08:07:52.709344+00:00,28.6,57.4,1007.4,587,123
2026-04-19T08:07:55.157006+00:00,28.6,57.6,1007.4,593,127
2026-04-19T08:07:57.601245+00:00,28.7,57.5,1007.4,597,130
2026-04-19T08:08:00.210324+00:00,28.6,57.5,1007.39,650,167
2026-04-19T08:08:02.869332+00:00,28.7,58.1,1007.4,656,172
2026-04-19T08:08:05.514977+00:00,28.6,57.9,1007.4,615,142
2026-04-19T08:08:07.953215+00:00,28.7,57.8,1007.4,610,138
2026-04-19T08:08:10.836505+00:00,28.6,57.5,1007.4,603,134
2026-04-19T08:08:12.928376+00:00,28.6,57.5,1007.39,612,140
2026-04-19T08:08:15.628800+00:00,28.6,57.5,1007.39,640,159
2026-04-19T08:08:18.158506+00:00,28.6,57.5,1007.39,623,148
2026-04-19T08:08:20.713191+00:00,28.6,57.3,1007.39,582,120
2026-04-19T08:08:23.267179+00:00,28.7,57.3,1007.38,615,142
2026-04-19T08:08:25.899437+00:00,28.7,57.3,1007.38,591,126
2026-04-19T08:08:28.363557+00:00,28.7,57.3,1007.38,596,129
2026-04-19T08:08:30.929393+00:00,28.7,57.3,1007.37,623,147
2026-04-19T08:08:33.644042+00:00,28.6,57.4,1007.38,625,149
2026-04-19T08:08:36.228652+00:00,28.7,57.4,1007.37,600,132
2026-04-19T08:08:38.829566+00:00,28.7,57.4,1007.37,619,145
2026-04-19T08:08:41.279996+00:00,28.7,57.3,1007.37,599,131
2026-04-19T08:08:43.855085+00:00,28.7,57.3,1007.36,603,134
2026-04-19T08:08:46.276946+00:00,28.7,57.5,1007.35,596,129
2026-04-19T08:08:49.110130+00:00,28.7,57.5,1007.35,595,129
2026-04-19T08:08:51.580207+00:00,28.7,57.6,1007.35,631,153
2026-04-19T08:08:54.090176+00:00,28.7,57.3,1007.36,617,144
2026-04-19T08:08:57.252835+00:00,,,1007.36,609,138
2026-04-19T08:08:59.557707+00:00,28.7,57.3,1007.36,593,127
2026-04-19T08:09:01.693284+00:00,28.7,57.2,1007.36,615,142
2026-04-19T08:09:04.471078+00:00,28.7,57.2,1007.36,610,138
2026-04-19T08:09:07.037134+00:00,28.7,57.3,1007.36,594,128
2026-04-19T08:09:09.537583+00:00,28.7,57.4,1007.36,589,125
2026-04-19T08:09:12.085293+00:00,28.7,57.2,1007.36,594,128
2026-04-19T08:09:15.136712+00:00,28.7,57.3,1007.36,613,141
2026-04-19T08:09:17.204316+00:00,28.7,57.3,1007.36,605,135
2026-04-19T08:09:20.713850+00:00,28.7,57.1,1007.35,607,136
2026-04-19T08:09:22.233382+00:00,28.7,57.3,1007.35,607,136
2026-04-19T08:09:25.047811+00:00,28.7,57.4,1007.35,606,136
2026-04-19T08:09:27.691690+00:00,28.7,57.1,1007.36,610,138
2026-04-19T08:09:30.065621+00:00,28.7,57.3,1007.35,616,143
2026-04-19T08:09:32.604094+00:00,28.7,57.3,1007.36,606,136
2026-04-19T08:09:35.560564+00:00,28.7,57.3,1007.36,606,136
2026-04-19T08:09:37.827096+00:00,28.7,57.1,1007.36,612,140
2026-04-19T08:09:40.305876+00:00,28.7,56.9,1007.35,609,138
2026-04-19T08:09:43.584570+00:00,28.7,57.2,1007.35,606,136
2026-04-19T08:09:45.434464+00:00,28.7,57.0,1007.34,613,141
2026-04-19T08:09:47.882970+00:00,28.8,57.1,1007.34,611,139
2026-04-19T08:09:50.448700+00:00,28.7,57.2,1007.33,606,136
2026-04-19T08:09:53.120602+00:00,28.8,57.0,1007.33,605,135
2026-04-19T08:09:55.702920+00:00,28.7,57.2,1007.33,613,141
2026-04-19T08:09:58.245024+00:00,28.8,56.9,1007.33,596,129
2026-04-19T08:10:01.849068+00:00,28.8,57.0,1007.33,610,138
2026-04-19T08:10:03.995829+00:00,28.8,57.2,1007.33,622,147
2026-04-19T08:10:07.355387+00:00,28.8,57.1,1007.33,600,132
2026-04-19T08:10:08.618712+00:00,28.8,56.9,1007.33,613,140
2026-04-19T08:10:11.208716+00:00,28.8,57.1,1007.32,619,144
2026-04-19T08:10:13.577002+00:00,28.8,57.2,1007.31,606,136
2026-04-19T08:10:16.150750+00:00,28.7,57.3,1007.32,627,150
2026-04-19T08:10:18.753543+00:00,28.8,57.3,1007.31,614,141
2026-04-19T08:10:21.258857+00:00,28.8,57.1,1007.32,613,140
2026-04-19T08:10:23.984693+00:00,28.8,57.2,1007.32,611,139
2026-04-19T08:10:26.707137+00:00,28.8,57.1,1007.32,604,134
2026-04-19T08:10:28.953262+00:00,28.8,57.3,1007.32,612,140
2026-04-19T08:10:31.528166+00:00,28.8,57.4,1007.31,612,140
2026-04-19T08:10:34.063314+00:00,28.8,57.1,1007.31,613,141
2026-04-19T08:10:36.747254+00:00,28.8,57.1,1007.29,605,135
2026-04-19T08:10:39.323535+00:00,28.8,57.1,1007.28,642,161
2026-04-19T08:10:42.092501+00:00,28.8,57.4,1007.28,620,145
2026-04-19T08:10:44.460947+00:00,28.8,57.1,1007.27,640,160
2026-04-19T08:10:46.917689+00:00,28.8,57.3,1007.27,615,142
2026-04-19T08:10:49.551139+00:00,28.8,57.1,1007.27,601,133
2026-04-19T08:10:52.369936+00:00,28.8,57.2,1007.26,622,147
2026-04-19T08:10:54.647835+00:00,28.8,57.5,1007.27,613,140
2026-04-19T08:10:57.552697+00:00,28.8,57.1,1007.27,604,135
2026-04-19T08:10:59.722175+00:00,28.8,57.0,1007.27,607,137
2026-04-19T08:11:02.459973+00:00,28.8,57.1,1007.27,609,138
2026-04-19T08:11:04.851320+00:00,28.8,57.0,1007.28,581,119
2026-04-19T08:11:07.403195+00:00,28.8,57.0,1007.27,649,166
2026-04-19T08:11:10.041268+00:00,28.8,57.1,1007.28,621,146
2026-04-19T08:11:12.719982+00:00,28.9,57.0,1007.28,636,157
2026-04-19T08:11:15.248795+00:00,28.8,56.6,1007.28,616,143
2026-04-19T08:11:17.642180+00:00,28.8,57.0,1007.28,616,143
2026-04-19T08:11:20.492075+00:00,28.9,57.0,1007.28,603,134
2026-04-19T08:11:24.164796+00:00,28.8,56.9,1007.29,602,133
2026-04-19T08:11:25.695413+00:00,28.9,56.9,1007.29,609,138
2026-04-19T08:11:27.978282+00:00,28.8,56.9,1007.28,624,148
2026-04-19T08:11:30.588989+00:00,28.8,56.8,1007.28,625,149
2026-04-19T08:11:33.170119+00:00,28.9,56.9,1007.28,616,142
2026-04-19T08:11:36.276020+00:00,28.8,56.7,1007.27,620,145
2026-04-19T08:11:38.265316+00:00,28.9,56.6,1007.28,623,147
2026-04-19T08:11:40.962008+00:00,28.8,56.6,1007.28,620,146
2026-04-19T08:11:43.755985+00:00,28.8,56.7,1007.26,628,151
2026-04-19T08:11:45.875692+00:00,28.9,56.6,1007.26,614,141
2026-04-19T08:11:48.510136+00:00,28.9,56.9,1007.26,621,146
2026-04-19T08:11:51.085936+00:00,28.9,57.0,1007.26,603,134
2026-04-19T08:11:53.631328+00:00,28.9,56.8,1007.27,623,148
2026-04-19T08:11:56.227210+00:00,28.9,56.8,1007.26,614,141
2026-04-19T08:11:58.770740+00:00,28.8,56.6,1007.26,615,142
2026-04-19T08:12:01.339923+00:00,28.9,56.8,1007.26,612,140
2026-04-19T08:12:03.865708+00:00,28.9,56.8,1007.25,593,128
2026-04-19T08:12:06.919306+00:00,28.8,56.6,1007.26,622,147
2026-04-19T08:12:09.041489+00:00,28.9,56.6,1007.25,608,137
2026-04-19T08:12:11.772975+00:00,28.9,57.1,1007.25,662,175
2026-04-19T08:12:14.261225+00:00,28.8,57.4,1007.26,640,159
2026-04-19T08:12:16.684282+00:00,28.9,57.1,1007.26,612,140
2026-04-19T08:12:19.250663+00:00,28.8,57.0,1007.26,608,137
2026-04-19T08:12:21.998465+00:00,28.9,57.1,1007.26,617,143
2026-04-19T08:12:24.400729+00:00,28.9,56.8,1007.26,598,130
2026-04-19T08:12:27.046675+00:00,28.9,56.5,1007.26,615,142
2026-04-19T08:12:29.595537+00:00,28.8,56.6,1007.26,619,144
2026-04-19T08:12:32.187971+00:00,28.9,56.4,1007.25,604,135
2026-04-19T08:12:34.780459+00:00,28.9,56.5,1007.25,615,142
2026-04-19T08:12:37.271429+00:00,28.9,56.6,1007.25,616,143
2026-04-19T08:12:39.967627+00:00,28.9,56.8,1007.25,618,144
2026-04-19T08:12:42.444868+00:00,28.8,56.5,1007.25,618,144
2026-04-19T08:12:45.056212+00:00,28.9,56.6,1007.25,613,141
2026-04-19T08:12:47.430409+00:00,28.9,56.8,1007.26,611,139
2026-04-19T08:12:50.091273+00:00,28.9,56.5,1007.26,621,146
2026-04-19T08:12:52.718696+00:00,28.9,56.5,1007.25,609,138
2026-04-19T08:12:55.230153+00:00,28.9,56.5,1007.25,633,155
2026-04-19T08:12:57.901520+00:00,28.9,56.4,1007.25,611,139
2026-04-19T08:13:00.586862+00:00,28.9,56.5,1007.24,613,141
2026-04-19T08:13:02.975963+00:00,28.9,56.3,1007.24,639,159
2026-04-19T08:13:05.573023+00:00,28.9,56.3,1007.24,602,133
2026-04-19T08:13:07.982629+00:00,28.9,56.5,1007.24,638,158
2026-04-19T08:13:10.607968+00:00,28.9,56.4,1007.24,615,142
2026-04-19T08:13:13.252311+00:00,28.9,56.7,1007.24,599,131
2026-04-19T08:13:16.320553+00:00,28.9,56.4,1007.24,609,138
2026-04-19T08:13:18.249670+00:00,28.9,56.8,1007.24,615,142
2026-04-19T08:13:20.835229+00:00,28.9,56.8,1007.24,614,141
2026-04-19T08:13:23.392694+00:00,28.9,56.7,1007.24,634,156
2026-04-19T08:13:27.107337+00:00,28.9,56.7,1007.24,609,138
2026-04-19T08:13:28.530130+00:00,28.9,56.5,1007.24,610,138
2026-04-19T08:13:31.485068+00:00,29.0,56.8,1007.24,636,157
2026-04-19T08:13:33.832425+00:00,28.9,57.0,1007.24,663,176
2026-04-19T08:13:36.494112+00:00,28.9,57.1,1007.23,624,148
2026-04-19T08:13:38.797259+00:00,28.9,57.1,1007.23,607,136
2026-04-19T08:13:41.305595+00:00,28.9,56.9,1007.23,617,143
2026-04-19T08:13:44.057601+00:00,28.9,56.7,1007.24,628,151
2026-04-19T08:13:46.492805+00:00,29.0,56.8,1007.23,611,139
2026-04-19T08:13:50.984759+00:00,28.9,56.7,1007.22,616,143
2026-04-19T08:13:51.581047+00:00,28.9,56.7,1007.22,615,142
2026-04-19T08:13:54.162004+00:00,28.9,56.5,1007.22,617,143
2026-04-19T08:13:57.225417+00:00,28.9,56.6,1007.22,617,143
2026-04-19T08:13:59.226295+00:00,28.9,56.3,1007.22,627,150
2026-04-19T08:14:01.810456+00:00,29.0,56.6,1007.23,624,148
2026-04-19T08:14:05.216032+00:00,28.9,56.8,1007.23,603,134
2026-04-19T08:14:06.965706+00:00,28.9,56.6,1007.24,622,147
2026-04-19T08:14:09.621145+00:00,29.0,56.8,1007.23,632,154
2026-04-19T08:14:12.096911+00:00,28.9,56.8,1007.24,621,146
2026-04-19T08:14:14.822877+00:00,28.9,56.8,1007.23,622,147
2026-04-19T08:14:17.212234+00:00,29.0,56.7,1007.24,610,139
2026-04-19T08:14:19.922584+00:00,29.0,56.7,1007.24,624,148
2026-04-19T08:14:22.361564+00:00,29.0,56.6,1007.23,618,144
2026-04-19T08:14:24.918624+00:00,29.0,56.7,1007.24,630,153
2026-04-19T08:14:27.707244+00:00,29.0,56.9,1007.24,640,159
2026-04-19T08:14:30.481897+00:00,29.0,56.8,1007.25,625,149
2026-04-19T08:14:32.774898+00:00,29.0,56.8,1007.25,634,155
2026-04-19T08:14:35.439918+00:00,29.0,56.8,1007.23,625,149
2026-04-19T08:14:37.877906+00:00,29.0,56.8,1007.23,624,148
2026-04-21T07:50:57.526109+00:00,33.6,69.2,1006.17,567,111
2026-04-21T07:51:00.117276+00:00,33.6,68.9,1006.16,521,84
2026-04-21T07:51:03.566456+00:00,33.6,68.0,1006.16,490,67
2026-04-21T07:51:05.215446+00:00,33.6,67.2,1006.15,472,58
2026-04-21T07:51:07.791623+00:00,33.6,66.2,1006.15,461,52
2026-04-21T07:51:11.518642+00:00,33.6,65.8,1006.14,471,57
2026-04-21T07:51:12.924406+00:00,33.6,65.5,1006.14,473,58
2026-04-21T07:51:15.495108+00:00,33.6,66.0,1006.13,509,77
2026-04-21T07:51:18.074941+00:00,33.6,66.3,1006.13,602,133
2026-04-21T07:51:20.656841+00:00,33.6,66.0,1006.13,533,90
2026-04-21T07:51:23.184432+00:00,33.6,66.4,1006.13,499,72
2026-04-21T07:51:25.769495+00:00,33.6,66.6,1006.13,520,83
2026-04-21T07:51:28.343420+00:00,33.6,66.0,1006.13,460,52
2026-04-21T07:51:30.905018+00:00,33.5,65.4,1006.12,458,51
2026-04-21T07:51:33.443883+00:00,33.6,65.2,1006.13,467,55
2026-04-21T07:51:36.029865+00:00,33.5,64.8,1006.12,458,50
2026-04-21T07:51:38.603045+00:00,33.5,64.9,1006.12,463,53
2026-04-21T07:51:41.173269+00:00,33.5,64.9,1006.13,464,54
2026-04-21T07:51:43.713654+00:00,33.5,64.9,1006.13,485,64
2026-04-21T07:51:46.280501+00:00,33.6,65.2,1006.12,472,57
2026-04-21T07:51:48.849725+00:00,33.5,65.1,1006.12,465,54
2026-04-21T07:51:51.433743+00:00,33.5,64.7,1006.13,467,55
2026-04-21T07:51:53.960461+00:00,33.5,64.2,1006.13,468,55
2026-04-21T07:51:56.536402+00:00,33.5,64.2,1006.13,468,55
2026-04-21T07:51:59.110203+00:00,33.5,64.1,1006.13,451,47
2026-04-21T07:52:01.653708+00:00,33.5,64.2,1006.13,497,71
2026-04-21T07:52:04.235412+00:00,33.5,64.2,1006.13,510,77
2026-04-21T07:52:06.798457+00:00,33.5,64.3,1006.13,485,64
2026-04-21T07:52:09.373698+00:00,33.5,64.4,1006.14,510,77
2026-04-21T07:52:11.933746+00:00,33.5,64.2,1006.14,481,62
2026-04-21T07:52:14.488924+00:00,33.5,64.2,1006.14,481,62
2026-04-21T07:52:17.053909+00:00,33.5,64.1,1006.13,475,59
2026-04-21T07:52:19.633511+00:00,33.5,64.4,1006.13,492,68
2026-04-21T07:52:22.210522+00:00,33.5,64.7,1006.13,501,73
2026-04-21T07:52:24.738508+00:00,33.4,64.7,1006.13,504,74
2026-04-21T07:52:27.303834+00:00,33.4,64.4,1006.13,496,70
2026-04-21T07:52:29.865591+00:00,33.4,64.6,1006.13,497,71
2026-04-21T07:52:32.431906+00:00,33.5,64.6,1006.13,484,64
2026-04-21T07:52:35.053513+00:00,33.4,64.6,1006.12,485,64
2026-04-21T07:52:37.565653+00:00,33.4,64.3,1006.13,502,73
2026-04-21T07:52:40.139015+00:00,33.4,64.3,1006.13,512,78
2026-04-21T07:52:42.795530+00:00,33.4,64.1,1006.13,512,79
2026-04-21T07:52:45.262050+00:00,33.4,64.4,1006.13,512,79
2026-04-21T07:52:47.832045+00:00,33.4,64.1,1006.12,483,63
2026-04-21T07:52:50.394825+00:00,33.4,64.3,1006.13,494,69
2026-04-21T07:52:53.378752+00:00,33.4,64.5,1006.13,497,70
2026-04-21T07:52:55.561945+00:00,33.4,64.7,1006.12,510,78
2026-04-21T07:52:58.098879+00:00,33.4,66.2,1006.12,594,128
2026-04-21T07:53:01.496409+00:00,33.4,66.4,1006.12,540,95
2026-04-21T07:53:03.233814+00:00,33.4,66.0,1006.11,534,91
2026-04-21T07:53:05.783133+00:00,33.4,65.4,1006.12,496,70
2026-04-21T07:53:08.377812+00:00,33.4,64.9,1006.11,512,78
2026-04-21T07:53:10.903633+00:00,33.4,64.5,1006.11,488,66
2026-04-21T07:53:13.498227+00:00,33.4,64.5,1006.11,489,66
2026-04-21T07:53:16.049954+00:00,33.4,64.5,1006.11,501,73
2026-04-21T07:53:18.631825+00:00,33.4,65.0,1006.12,499,72
2026-04-21T07:53:21.193585+00:00,33.4,65.5,1006.12,503,74
2026-04-21T07:53:23.772468+00:00,33.4,65.5,1006.12,490,67
2026-04-21T07:53:26.332634+00:00,33.4,65.3,1006.12,487,65
2026-04-21T07:53:28.899615+00:00,33.4,65.4,1006.12,508,76
2026-04-21T07:53:31.607485+00:00,33.4,65.4,1006.13,505,75
2026-04-21T07:53:34.042224+00:00,33.4,65.1,1006.13,516,81
2026-04-21T07:53:36.575518+00:00,33.3,65.3,1006.13,502,73
2026-04-21T07:53:39.153483+00:00,33.4,65.1,1006.13,505,75
2026-04-21T07:53:41.711743+00:00,33.4,65.1,1006.13,506,76
2026-04-21T07:53:44.278771+00:00,33.4,65.1,1006.13,472,57
2026-04-21T07:53:46.834205+00:00,33.4,65.1,1006.13,509,77
2026-04-21T07:53:49.427256+00:00,33.4,65.3,1006.14,517,81
2026-04-21T07:53:51.978349+00:00,33.4,65.8,1006.15,521,83
2026-04-21T07:53:54.542774+00:00,33.4,65.5,1006.15,509,77
2026-04-21T07:53:57.088343+00:00,33.4,65.3,1006.14,473,58
2026-04-21T07:53:59.669821+00:00,33.4,65.0,1006.14,488,66
2026-04-21T07:54:02.236153+00:00,33.3,64.7,1006.14,466,54
2026-04-21T07:54:04.804570+00:00,33.4,64.8,1006.14,491,67
2026-04-21T07:54:07.348514+00:00,33.3,64.7,1006.13,468,56
2026-04-21T07:54:09.940772+00:00,33.3,64.8,1006.13,460,51
2026-04-21T07:54:12.510883+00:00,33.4,64.5,1006.12,462,53
2026-04-21T07:54:15.062043+00:00,33.3,64.7,1006.12,517,81
2026-04-21T07:54:17.598887+00:00,33.3,65.0,1006.12,495,69
2026-04-21T07:54:20.197258+00:00,33.3,65.0,1006.1,489,66
2026-04-21T07:54:22.751270+00:00,33.3,65.1,1006.1,500,72
2026-04-21T07:54:25.311528+00:00,33.4,65.2,1006.1,490,67
2026-04-21T07:54:27.895816+00:00,33.3,65.2,1006.09,495,69
2026-04-21T07:54:30.448690+00:00,33.3,65.1,1006.09,500,72
2026-04-21T07:54:32.983931+00:00,33.4,65.0,1006.09,478,61
2026-04-21T07:54:35.582259+00:00,33.3,65.1,1006.1,495,70
2026-04-21T07:54:38.129211+00:00,33.3,65.3,1006.1,495,69
2026-04-21T07:54:40.718969+00:00,33.4,65.4,1006.1,482,63
2026-04-21T07:54:43.283982+00:00,33.3,65.6,1006.11,487,65
2026-04-21T07:54:45.851945+00:00,33.3,65.4,1006.11,483,63
2026-04-21T07:54:48.395745+00:00,33.3,65.6,1006.11,582,120
2026-04-21T07:54:50.989184+00:00,33.3,66.2,1006.11,593,127
2026-04-21T07:54:53.514265+00:00,33.3,66.0,1006.12,558,105
2026-04-21T07:54:56.099615+00:00,33.3,65.9,1006.12,534,91
2026-04-21T07:54:58.666877+00:00,33.3,65.7,1006.12,511,78
2026-04-21T07:55:01.233487+00:00,33.3,65.5,1006.12,486,64
2026-04-21T07:55:03.797942+00:00,33.3,65.4,1006.12,504,74
2026-04-21T07:55:06.349361+00:00,33.3,65.2,1006.12,484,64
2026-04-21T07:55:08.936449+00:00,33.3,65.3,1006.12,484,64
2026-04-21T07:55:11.488166+00:00,33.3,65.3,1006.13,452,48
2026-04-21T07:55:14.029334+00:00,33.3,65.4,1006.13,473,58
2026-04-21T07:55:16.620111+00:00,33.3,65.3,1006.13,481,62
2026-04-21T07:55:19.182782+00:00,33.3,65.3,1006.14,500,72
2026-04-21T07:55:21.766641+00:00,33.3,65.3,1006.14,474,59
2026-04-21T07:55:24.306526+00:00,33.3,66.4,1006.13,516,81
2026-04-21T07:55:26.871423+00:00,33.3,66.8,1006.12,496,70
2026-04-21T07:55:29.502002+00:00,33.3,66.5,1006.13,526,86
2026-04-21T07:55:32.012030+00:00,33.3,66.7,1006.13,579,119
2026-04-21T07:55:34.570268+00:00,33.3,66.9,1006.13,577,117
2026-04-21T07:55:37.169027+00:00,33.3,67.6,1006.14,693,200
2026-04-21T07:55:39.705009+00:00,33.3,67.4,1006.14,655,170
2026-04-21T07:55:42.270449+00:00,33.3,67.3,1006.14,606,136
2026-04-21T07:55:44.826114+00:00,33.3,67.0,1006.14,607,136
2026-04-21T07:55:47.388631+00:00,33.3,67.7,1006.14,639,159
2026-04-21T07:55:49.946739+00:00,33.3,68.3,1006.15,539,94
2026-04-21T07:55:52.512058+00:00,33.3,69.4,1006.15,567,111
2026-04-21T07:55:55.094864+00:00,33.3,68.5,1006.14,539,94
2026-04-21T07:55:57.660110+00:00,33.3,67.4,1006.15,491,67
2026-04-21T07:56:00.230943+00:00,33.3,66.5,1006.15,509,77
2026-04-21T07:56:02.814867+00:00,33.3,66.2,1006.14,488,66
2026-04-21T07:56:05.349791+00:00,33.3,65.9,1006.14,497,70
2026-04-21T07:56:07.909665+00:00,33.3,66.0,1006.14,510,78
2026-04-21T07:56:10.486513+00:00,33.3,66.1,1006.13,496,70
2026-04-21T07:56:13.050014+00:00,33.3,66.6,1006.13,546,98
2026-04-21T07:56:15.595185+00:00,33.3,67.2,1006.14,553,102
2026-04-21T07:56:18.177180+00:00,33.3,68.0,1006.14,600,132
2026-04-21T07:56:20.759655+00:00,33.3,68.7,1006.14,618,144
2026-04-21T07:56:23.289336+00:00,33.3,68.4,1006.14,552,102
2026-04-21T07:56:25.867274+00:00,33.3,69.2,1006.14,628,151
2026-04-21T07:56:28.463127+00:00,33.3,69.4,1006.14,696,202
2026-04-21T07:56:31.009220+00:00,33.3,68.7,1006.13,540,94
2026-04-21T07:56:33.549454+00:00,33.3,67.4,1006.13,517,81
2026-04-21T07:56:36.145922+00:00,33.3,66.9,1006.13,524,85
2026-04-21T07:56:38.691415+00:00,33.3,66.4,1006.13,516,81
2026-04-21T07:56:41.287032+00:00,33.3,65.9,1006.12,511,78
2026-04-21T07:56:43.826269+00:00,33.3,65.7,1006.11,513,79
2026-04-21T07:56:46.393301+00:00,33.3,65.4,1006.1,511,78
2026-04-21T07:56:48.953466+00:00,33.3,65.1,1006.1,507,76
2026-04-21T07:56:51.511220+00:00,33.3,65.2,1006.1,509,77
2026-04-21T07:56:54.088929+00:00,33.2,66.5,1006.1,702,207
2026-04-21T07:56:56.651307+00:00,33.2,68.3,1006.1,725,227
2026-04-21T07:56:59.223938+00:00,33.3,68.5,1006.1,576,116
2026-04-21T07:57:01.806389+00:00,33.2,69.2,1006.11,696,202
2026-04-21T07:57:04.332819+00:00,33.2,68.9,1006.11,586,123
2026-04-21T07:57:06.899865+00:00,33.3,68.4,1006.11,535,91
2026-04-21T07:57:09.498404+00:00,33.3,68.3,1006.11,545,97
2026-04-21T07:57:12.050866+00:00,33.2,67.9,1006.11,558,105
2026-04-21T07:57:14.613744+00:00,33.2,67.9,1006.11,594,128
2026-04-21T07:57:17.174679+00:00,33.3,67.6,1006.11,551,101
2026-04-21T07:57:19.735755+00:00,33.2,66.9,1006.1,561,107
2026-04-21T07:57:22.311713+00:00,33.2,67.1,1006.1,533,90
2026-04-21T07:57:24.875179+00:00,33.3,67.3,1006.1,540,95
2026-04-21T07:57:27.435073+00:00,33.3,66.7,1006.1,534,91
2026-04-21T07:57:29.999888+00:00,33.3,66.4,1006.09,523,85
2026-04-21T07:57:32.574997+00:00,33.2,66.2,1006.08,489,66
2026-04-21T07:57:35.121797+00:00,33.3,65.8,1006.08,517,82
2026-04-21T07:57:37.692135+00:00,33.2,65.8,1006.08,531,89
2026-04-21T07:57:40.255266+00:00,33.2,65.6,1006.08,517,81
2026-04-21T07:57:42.836041+00:00,33.3,69.0,1006.08,727,228
2026-04-21T07:57:45.395268+00:00,33.3,70.3,1006.08,734,234
2026-04-21T07:57:47.950615+00:00,33.2,70.6,1006.09,686,194
2026-04-21T07:57:50.530865+00:00,33.2,70.6,1006.09,634,155
2026-04-21T07:57:53.094339+00:00,33.3,70.9,1006.09,580,119
2026-04-21T07:57:55.655209+00:00,33.2,69.1,1006.1,537,93
2026-04-21T07:57:58.208337+00:00,33.2,69.9,1006.1,648,165
2026-04-21T07:58:00.777402+00:00,33.2,70.6,1006.1,591,126
2026-04-21T07:58:03.689260+00:00,33.2,68.6,1006.1,521,84
2026-04-21T07:58:05.916246+00:00,33.2,68.1,1006.09,507,76
2026-04-21T07:58:08.470055+00:00,33.3,68.4,1006.09,565,110
2026-04-21T07:58:11.602542+00:00,33.2,68.7,1006.09,521,83
2026-04-21T07:58:13.581028+00:00,33.3,68.6,1006.09,508,77
2026-04-21T07:58:16.173824+00:00,33.2,67.4,1006.09,491,67
2026-04-21T07:58:18.734958+00:00,33.3,69.0,1006.1,512,79
2026-04-21T07:58:21.299385+00:00,33.2,68.8,1006.1,522,84
2026-04-21T07:58:23.873931+00:00,33.2,68.0,1006.1,531,89
2026-04-21T07:58:26.416003+00:00,33.3,68.0,1006.09,539,94
2026-04-21T07:58:29.019276+00:00,33.2,67.6,1006.1,512,79
2026-04-21T07:58:31.565397+00:00,33.2,68.7,1006.1,536,92
2026-04-21T07:58:34.150316+00:00,33.2,69.0,1006.11,531,89
2026-04-21T07:58:36.699122+00:00,33.2,68.7,1006.11,505,75
2026-04-21T07:58:39.256156+00:00,33.2,69.3,1006.1,513,79
2026-04-21T07:58:41.815240+00:00,33.2,69.3,1006.1,626,149
2026-04-21T07:58:44.401303+00:00,33.2,69.9,1006.11,616,143
2026-04-21T07:58:47.014208+00:00,33.2,69.7,1006.11,641,160
2026-04-21T07:58:49.500770+00:00,33.2,69.9,1006.11,638,158
2026-04-21T07:58:52.072696+00:00,33.2,70.3,1006.11,638,158
2026-04-21T07:58:54.703737+00:00,33.3,70.5,1006.11,647,165
2026-04-21T07:58:57.203702+00:00,33.2,71.0,1006.11,663,176
2026-04-21T07:58:59.915845+00:00,33.3,70.9,1006.11,655,171
2026-04-21T07:59:02.325988+00:00,33.3,70.9,1006.11,658,172
2026-04-21T07:59:04.908485+00:00,33.2,70.6,1006.11,643,162
2026-04-21T07:59:07.489006+00:00,33.2,70.6,1006.11,631,153
2026-04-21T07:59:10.043386+00:00,33.3,70.8,1006.11,583,121
2026-04-21T07:59:12.603354+00:00,33.2,71.0,1006.1,681,191
2026-04-21T07:59:15.198459+00:00,33.3,71.1,1006.11,623,147
2026-04-21T07:59:17.717714+00:00,33.2,71.7,1006.11,718,221
2026-04-21T07:59:20.300526+00:00,33.3,71.0,1006.11,661,175
2026-04-21T07:59:22.864015+00:00,33.2,69.5,1006.11,523,85
2026-04-21T07:59:25.434725+00:00,33.2,68.3,1006.11,554,103
2026-04-21T07:59:28.051249+00:00,33.2,67.8,1006.11,525,86
2026-04-21T07:59:30.543669+00:00,33.2,66.9,1006.11,528,88
2026-04-21T07:59:33.119036+00:00,33.2,66.5,1006.11,512,78
2026-04-21T07:59:35.680320+00:00,33.3,66.2,1006.11,496,70
2026-04-21T07:59:38.434943+00:00,33.2,66.4,1006.11,557,105
2026-04-21T07:59:40.826722+00:00,33.2,66.7,1006.11,581,120
2026-04-21T07:59:43.457122+00:00,33.3,66.7,1006.11,531,89
2026-04-21T07:59:45.942271+00:00,33.3,66.6,1006.11,494,69
2026-04-21T07:59:48.513376+00:00,33.3,66.2,1006.11,483,63
2026-04-21T07:59:51.074099+00:00,33.2,66.1,1006.11,506,75
2026-04-21T07:59:53.645822+00:00,33.3,66.0,1006.11,493,68
2026-04-21T07:59:56.203417+00:00,33.3,66.0,1006.1,501,72
2026-04-21T07:59:58.760133+00:00,33.2,65.8,1006.1,509,77
2026-04-21T08:00:01.338178+00:00,33.3,65.8,1006.11,495,69
2026-04-21T08:00:04.021813+00:00,33.2,65.6,1006.11,499,71
2026-04-21T08:00:06.447886+00:00,33.2,67.4,1006.1,549,100
2026-04-21T08:00:09.034051+00:00,33.3,67.6,1006.11,591,126
2026-04-21T08:00:11.578650+00:00,33.2,68.4,1006.1,641,160
2026-04-21T08:00:14.286517+00:00,,,1006.11,534,91
2026-04-21T08:00:16.730072+00:00,33.3,66.6,1006.11,515,80
2026-04-21T08:00:19.283670+00:00,33.2,66.6,1006.1,653,169
2026-04-21T08:00:21.852688+00:00,33.2,67.4,1006.09,633,154
2026-04-21T08:00:24.427386+00:00,33.3,67.6,1006.09,613,141
2026-04-21T08:00:26.991485+00:00,33.2,67.9,1006.09,659,173
2026-04-21T08:00:29.564736+00:00,33.3,67.8,1006.08,645,163
2026-04-21T08:00:32.143003+00:00,33.3,67.3,1006.08,598,131
2026-04-21T08:00:34.676946+00:00,33.3,66.8,1006.07,558,105
2026-04-21T08:00:37.247330+00:00,33.2,66.6,1006.07,537,93
2026-04-21T08:00:39.819890+00:00,33.3,66.3,1006.07,546,98
2026-04-21T08:00:42.382634+00:00,33.3,66.4,1006.06,546,98
2026-04-21T08:00:44.977748+00:00,33.2,66.2,1006.06,563,108
2026-04-21T08:00:47.518079+00:00,33.3,65.9,1006.05,538,93
2026-04-21T08:00:50.089238+00:00,33.2,65.8,1006.04,534,91
2026-04-21T08:00:52.641204+00:00,33.2,65.8,1006.03,556,104
2026-04-21T08:00:55.273839+00:00,33.3,65.9,1006.03,541,95
2026-04-21T08:00:57.772109+00:00,33.3,67.8,1006.03,671,183
2026-04-21T08:01:00.347920+00:00,33.3,67.5,1006.03,621,146
2026-04-21T08:01:02.897518+00:00,33.2,67.3,1006.03,564,109
2026-04-21T08:01:05.479002+00:00,33.2,67.0,1006.04,534,91
2026-04-21T08:01:08.039124+00:00,33.3,66.4,1006.05,530,89
2026-04-21T08:01:10.600875+00:00,33.3,66.1,1006.05,526,86
2026-04-21T08:01:13.199517+00:00,33.2,65.9,1006.05,521,84
2026-04-21T08:01:15.730953+00:00,33.3,66.0,1006.05,521,84
2026-04-21T08:01:18.292199+00:00,33.2,66.6,1006.05,520,83
2026-04-21T08:01:20.854085+00:00,33.2,66.4,1006.04,487,65
2026-04-21T08:01:23.412912+00:00,33.3,66.1,1006.04,543,97
2026-04-21T08:01:25.987665+00:00,33.2,66.7,1006.04,590,125
2026-04-21T08:01:28.541800+00:00,33.2,66.6,1006.04,539,94
2026-04-21T08:01:31.112706+00:00,33.2,66.4,1006.03,519,82
2026-04-21T08:01:33.677660+00:00,33.3,66.1,1006.03,529,88
2026-04-21T08:01:36.238476+00:00,33.2,66.3,1006.03,518,82
2026-04-21T08:01:38.824083+00:00,33.3,66.3,1006.03,521,84
2026-04-21T08:01:41.401177+00:00,33.2,66.0,1006.03,538,93
2026-04-21T08:01:43.954506+00:00,33.2,65.9,1006.03,518,82
2026-04-21T08:01:46.511656+00:00,33.2,65.9,1006.03,527,87
2026-04-21T08:01:49.089074+00:00,33.2,66.0,1006.03,532,90
2026-04-21T08:01:51.638702+00:00,33.3,66.2,1006.03,545,98
2026-04-21T08:01:54.201332+00:00,33.2,66.7,1006.03,562,108
2026-04-21T08:01:56.762296+00:00,33.2,66.7,1006.03,565,110
2026-04-21T08:01:59.348619+00:00,33.2,66.3,1006.03,540,94
2026-04-21T08:02:01.901343+00:00,33.2,66.1,1006.03,535,92
2026-04-21T08:02:04.461260+00:00,33.2,65.8,1006.03,530,89
2026-04-21T08:02:07.037364+00:00,33.2,67.5,1006.02,600,132
2026-04-21T08:02:09.602839+00:00,33.2,68.5,1006.02,599,131
2026-04-21T08:02:12.187171+00:00,33.2,69.2,1006.03,565,109
2026-04-21T08:02:14.733364+00:00,33.3,69.1,1006.03,547,99
2026-04-21T08:02:17.295304+00:00,33.2,69.1,1006.03,534,91
2026-04-21T08:02:19.879168+00:00,33.2,68.0,1006.02,532,90
2026-04-21T08:02:22.448966+00:00,33.3,67.0,1006.02,518,82
2026-04-21T08:02:24.993540+00:00,33.3,67.2,1006.02,520,83
2026-04-21T08:02:27.556898+00:00,33.2,67.9,1006.02,549,100
2026-04-21T08:02:30.121006+00:00,33.2,67.5,1006.02,531,89
2026-04-21T08:02:32.679715+00:00,33.2,67.6,1006.03,538,94
2026-04-21T08:02:35.264879+00:00,33.2,68.4,1006.02,635,156
2026-04-21T08:02:37.810814+00:00,33.2,69.1,1006.02,670,182
2026-04-21T08:02:40.388376+00:00,33.2,69.3,1006.03,602,133
2026-04-21T08:02:43.825875+00:00,33.2,69.2,1006.02,560,106
2026-04-21T08:02:45.525939+00:00,33.2,69.2,1006.01,551,101
2026-04-21T08:02:48.077074+00:00,33.2,69.6,1006.01,612,140
2026-04-21T08:02:51.833585+00:00,33.3,69.7,1006.01,593,127
2026-04-21T08:02:53.203898+00:00,33.3,69.6,1006.0,595,128
2026-04-21T08:02:55.778807+00:00,33.3,70.0,1006.0,636,157
2026-04-21T08:02:58.343245+00:00,33.2,69.6,1006.0,572,114
2026-04-21T08:03:00.909821+00:00,33.2,68.7,1006.0,544,97
2026-04-21T08:03:03.470359+00:00,33.3,68.2,1006.0,562,108
2026-04-21T08:03:06.037113+00:00,33.3,69.1,1006.0,574,115
2026-04-21T08:03:08.583484+00:00,33.3,69.9,1006.0,597,130
2026-04-21T08:03:11.163672+00:00,33.3,70.0,1006.0,636,157
2026-04-21T08:03:13.712329+00:00,33.3,69.6,1006.0,603,134
2026-04-21T08:03:16.291520+00:00,33.3,69.3,1006.0,677,187
2026-04-21T08:03:18.869568+00:00,33.3,69.6,1005.99,658,173
2026-04-21T08:03:21.435822+00:00,33.3,70.3,1005.98,707,211
2026-04-21T08:03:23.975275+00:00,33.3,70.3,1005.98,655,170
2026-04-21T08:03:26.555587+00:00,33.3,70.7,1005.98,705,209
2026-04-21T08:03:29.111199+00:00,33.3,70.2,1005.98,672,183
2026-04-21T08:03:31.697384+00:00,33.3,70.3,1005.97,680,190
2026-04-21T08:03:34.257948+00:00,33.2,70.8,1005.97,707,211
2026-04-21T08:03:36.807499+00:00,33.3,71.0,1005.96,754,252
2026-04-21T08:03:39.390349+00:00,33.3,71.0,1005.96,720,222
2026-04-21T08:03:41.957336+00:00,33.3,70.7,1005.96,705,210
2026-04-21T08:03:44.515310+00:00,33.3,70.7,1005.96,697,203
2026-04-21T08:03:47.071676+00:00,33.3,71.1,1005.96,745,244
2026-04-21T08:03:49.666080+00:00,33.3,71.0,1005.95,713,216
2026-04-21T08:03:52.190733+00:00,33.3,71.0,1005.95,719,222
2026-04-21T08:03:54.789358+00:00,33.3,70.7,1005.95,756,254
2026-04-21T08:03:57.342477+00:00,33.3,71.0,1005.95,746,245
2026-04-21T08:03:59.925932+00:00,33.3,70.0,1005.95,638,158
2026-04-21T08:04:02.457861+00:00,33.3,69.6,1005.94,599,131
2026-04-21T08:04:05.060750+00:00,33.3,69.8,1005.95,577,117
2026-04-21T08:04:07.587583+00:00,33.3,70.1,1005.95,611,139
2026-04-21T08:04:10.236685+00:00,33.3,70.2,1005.95,634,155
2026-04-21T08:04:12.730569+00:00,33.3,70.6,1005.96,641,160
2026-04-21T08:04:15.273833+00:00,33.3,70.8,1005.95,681,190
2026-04-21T08:04:17.846963+00:00,33.3,70.5,1005.95,666,179
2026-04-21T08:04:20.414864+00:00,33.3,70.0,1005.95,678,188
2026-04-21T08:04:22.978413+00:00,33.3,69.1,1005.95,628,151
2026-04-21T08:04:25.536850+00:00,33.3,69.1,1005.95,660,174
2026-04-21T08:04:28.111605+00:00,33.3,69.0,1005.95,687,195
2026-04-21T08:04:30.683326+00:00,33.3,69.3,1005.95,709,213
2026-04-21T08:04:33.250742+00:00,33.3,68.9,1005.94,608,138
2026-04-21T08:04:35.810657+00:00,33.3,68.3,1005.94,608,137
2026-04-21T08:04:38.369524+00:00,33.3,68.4,1005.94,608,138
2026-04-21T08:04:41.067552+00:00,33.3,69.6,1005.94,680,190
2026-04-21T08:04:43.486323+00:00,33.3,71.0,1005.93,732,233
2026-04-21T08:04:46.081051+00:00,33.3,71.3,1005.93,686,194
2026-04-21T08:04:48.618532+00:00,33.3,70.8,1005.93,656,171
2026-04-21T08:04:51.219507+00:00,33.3,69.9,1005.93,561,107
2026-04-21T08:04:53.759231+00:00,33.3,69.2,1005.93,560,107
2026-04-21T08:04:56.345015+00:00,33.3,68.5,1005.93,532,90
2026-04-21T08:04:58.896344+00:00,33.3,67.9,1005.93,513,79
2026-04-21T08:05:01.461970+00:00,33.3,67.8,1005.93,534,91
2026-04-21T08:05:04.024267+00:00,33.3,68.9,1005.93,633,155
2026-04-21T08:05:06.578404+00:00,33.3,68.7,1005.92,635,156
2026-04-21T08:05:09.169338+00:00,33.3,68.5,1005.92,588,124
2026-04-21T08:05:11.738974+00:00,33.3,68.2,1005.91,581,120
2026-04-21T08:05:14.282135+00:00,33.3,67.5,1005.91,529,88
2026-04-21T08:05:16.857931+00:00,33.3,67.2,1005.9,555,104
2026-04-21T08:05:19.403743+00:00,33.3,67.6,1005.9,568,111
2026-04-21T08:05:21.973659+00:00,33.3,67.3,1005.9,541,95
2026-04-21T08:05:24.547658+00:00,33.3,67.3,1005.9,555,103
2026-04-21T08:05:27.118727+00:00,33.3,67.2,1005.9,565,110
2026-04-21T08:05:29.680009+00:00,33.3,67.7,1005.89,644,162
2026-04-21T08:05:32.241517+00:00,33.3,68.3,1005.9,683,192
2026-04-21T08:05:34.788713+00:00,33.3,68.8,1005.9,694,201
2026-04-21T08:05:37.377703+00:00,33.3,68.6,1005.89,575,115
2026-04-21T08:05:39.939134+00:00,33.3,68.4,1005.9,602,133
2026-04-21T08:05:42.492744+00:00,33.3,68.0,1005.9,518,82
2026-04-21T08:05:45.075673+00:00,33.3,67.7,1005.9,531,89
2026-04-21T08:05:47.658788+00:00,33.3,67.6,1005.9,540,94
2026-04-21T08:05:50.196030+00:00,33.3,67.8,1005.9,531,89
2026-04-21T08:05:52.767803+00:00,33.3,67.6,1005.91,519,83
2026-04-21T08:05:55.305523+00:00,33.3,69.0,1005.9,593,128
2026-04-21T08:05:57.908272+00:00,33.3,69.2,1005.9,608,138
2026-04-21T08:06:00.443568+00:00,33.3,69.1,1005.9,685,194
2026-04-21T08:06:03.033522+00:00,33.3,69.1,1005.9,690,197
2026-04-21T08:06:05.602282+00:00,33.3,68.7,1005.9,608,138
2026-04-21T08:06:08.153271+00:00,33.3,69.5,1005.89,689,197
2026-04-21T08:06:10.720040+00:00,33.3,69.7,1005.89,664,177
2026-04-21T08:06:13.302689+00:00,33.3,69.6,1005.88,629,152
2026-04-21T08:06:15.868256+00:00,33.3,69.7,1005.88,681,190
2026-04-21T08:06:18.419522+00:00,33.3,69.5,1005.88,701,207
2026-04-21T08:06:20.994378+00:00,33.3,69.6,1005.88,681,190
2026-04-21T08:06:23.549184+00:00,33.3,69.7,1005.88,668,180
2026-04-21T08:06:26.121173+00:00,33.3,70.1,1005.88,678,188
2026-04-21T08:06:28.665230+00:00,33.3,69.6,1005.88,660,174
2026-04-21T08:06:31.260925+00:00,33.3,69.9,1005.88,711,214
2026-04-21T08:06:33.786817+00:00,33.3,70.1,1005.88,627,150
2026-04-21T08:06:36.372868+00:00,33.3,69.9,1005.89,552,101
2026-04-21T08:06:38.941666+00:00,33.3,69.2,1005.9,659,173
2026-04-21T08:06:41.514260+00:00,33.3,68.9,1005.91,621,146
2026-04-21T08:06:44.047024+00:00,33.3,68.6,1005.9,632,154
2026-04-21T08:06:46.620772+00:00,33.3,68.8,1005.89,629,152
2026-04-21T08:06:49.178166+00:00,33.3,68.6,1005.88,554,103
2026-04-21T08:06:51.769096+00:00,33.3,68.0,1005.87,511,78
2026-04-21T08:06:54.327836+00:00,33.3,68.5,1005.87,582,120
2026-04-21T08:06:56.881979+00:00,33.3,69.1,1005.88,674,185
2026-04-21T08:06:59.454250+00:00,33.3,69.4,1005.89,716,219
2026-04-21T08:07:02.017328+00:00,33.3,69.8,1005.89,750,249
2026-04-21T08:07:04.566159+00:00,33.3,69.9,1005.9,756,254
2026-04-21T08:07:07.159031+00:00,33.3,69.8,1005.9,761,259
2026-04-21T08:07:09.724174+00:00,33.3,70.0,1005.9,744,244
2026-04-21T08:07:12.274334+00:00,33.3,70.0,1005.9,724,225
2026-04-21T08:07:14.889409+00:00,33.3,69.9,1005.91,701,207
2026-04-21T08:07:17.398820+00:00,33.3,70.0,1005.9,646,164
2026-04-21T08:07:19.967666+00:00,33.3,70.5,1005.9,643,162
2026-04-21T08:07:23.620349+00:00,33.3,69.9,1005.9,634,155
2026-04-21T08:07:25.092122+00:00,33.3,69.2,1005.89,643,161
2026-04-21T08:07:27.677398+00:00,33.3,69.5,1005.88,680,190
2026-04-21T08:07:31.602519+00:00,33.3,69.8,1005.88,702,207
2026-04-21T08:07:32.809357+00:00,33.3,69.6,1005.89,629,151
2026-04-21T08:07:35.801212+00:00,33.3,68.5,1005.89,556,104
2026-04-21T08:07:37.938136+00:00,33.3,67.8,1005.89,534,91
2026-04-21T08:07:40.513168+00:00,33.3,67.5,1005.89,555,103
2026-04-21T08:07:43.068833+00:00,33.3,67.6,1005.89,530,89
2026-04-21T08:07:45.627895+00:00,33.3,67.1,1005.88,491,67
2026-04-21T08:07:48.195955+00:00,33.3,66.9,1005.88,503,74
2026-04-21T08:07:50.768921+00:00,33.3,66.7,1005.89,478,61
2026-04-21T08:07:53.325741+00:00,33.2,66.7,1005.88,512,79
2026-04-21T08:07:55.887912+00:00,33.2,66.6,1005.88,500,72
2026-04-21T08:07:58.487176+00:00,33.3,66.5,1005.88,497,71
2026-04-21T08:08:01.011745+00:00,33.3,66.4,1005.88,501,73
2026-04-21T08:08:03.577937+00:00,33.3,66.3,1005.89,509,77
2026-04-21T08:08:06.155944+00:00,33.3,66.2,1005.89,508,77
2026-04-21T08:08:08.718530+00:00,33.3,66.4,1005.89,508,76
2026-04-21T08:08:11.295232+00:00,33.3,66.4,1005.89,518,82
2026-04-21T08:08:13.846757+00:00,33.3,66.4,1005.88,513,79
2026-04-21T08:08:16.406909+00:00,33.3,66.3,1005.88,510,78
2026-04-21T08:08:18.968877+00:00,33.3,66.8,1005.88,533,90
2026-04-21T08:08:21.530942+00:00,33.3,67.4,1005.88,538,93
2026-04-21T08:08:24.128154+00:00,33.3,67.3,1005.88,500,72
2026-04-21T08:08:26.648167+00:00,33.3,67.0,1005.88,500,72
2026-04-21T08:08:29.655650+00:00,33.3,67.0,1005.87,517,81
2026-04-21T08:08:31.779011+00:00,33.3,66.8,1005.87,515,80
2026-04-21T08:08:34.347193+00:00,33.3,66.8,1005.87,526,86
2026-04-21T08:08:36.922656+00:00,33.3,67.6,1005.87,647,164
2026-04-21T08:08:39.481854+00:00,33.3,67.7,1005.87,595,129
2026-04-21T08:08:42.111961+00:00,33.3,67.6,1005.87,588,124
2026-04-21T08:08:44.617732+00:00,33.4,68.7,1005.87,657,172
